image,make,model,width,height,projection_type,focal_ratio,orientation,capture_time,lat,lon,altitude,dop,prior_omega,prior_phi,prior_kappa,speed_x,speed_y,speed_z,rolling_shutter_ms,camera
DJI_0799.JPG,DJI,FC3682,4000,3000,brown,0.6666666666666666,1,1790176013.0,40.343921083333335,-74.65427352777779,-17.98,10.0,-61.60752687683278,34.992263350428516,180.0,0.0,0.0,-1.7000000476837158,23.0,v2 dji fc3682 4000 3000 brown 0.6666
DJI_0806.JPG,DJI,FC3682,4000,3000,brown,0.6666666666666666,1,1790176034.0,40.34363619444445,-74.65426052777778,-15.18,10.0,-58.90399493862683,33.964273010263476,180.0,-0.10000000149011612,-7.199999809265137,0.0,23.0,v2 dji fc3682 4000 3000 brown 0.6666
DJI_0807.JPG,DJI,FC3682,4000,3000,brown,0.6666666666666666,1,1790176037.0,40.34347266666667,-74.654246,-15.18,10.0,-60.63752577249534,34.657634461945314,180.0,-0.20000000298023224,-3.0999999046325684,0.10000000149011612,23.0,v2 dji fc3682 4000 3000 brown 0.6666
DJI_0809.JPG,DJI,FC3682,4000,3000,brown,0.6666666666666666,1,1790176043.0,40.34318241666667,-74.65420102777779,-16.18,10.0,-58.814473329781826,33.92440474807773,180.0,1.399999976158142,-7.900000095367432,0.0,23.0,v2 dji fc3682 4000 3000 brown 0.6666
DJI_0810.JPG,DJI,FC3682,4000,3000,brown,0.6666666666666666,1,1790176046.0,40.34301330555556,-74.65415758333334,-15.78,10.0,-61.49534157942301,34.95475279561349,180.0,2.0,-2.299999952316284,0.0,23.0,v2 dji fc3682 4000 3000 brown 0.6666
DJI_0812.JPG,DJI,FC3682,4000,3000,brown,0.6666666666666666,1,1790176052.0,40.34302277777778,-74.65396941666667,-15.48,10.0,-60.030874358790705,34.42965894421569,180.0,4.599999904632568,1.100000023841858,0.0,23.0,v2 dji fc3682 4000 3000 brown 0.6666
DJI_0813.JPG,DJI,FC3682,4000,3000,brown,0.6666666666666666,1,1790176055.0,40.343056611111116,-74.65376794444445,-16.08,10.0,-60.33050382362459,34.54382528408004,180.0,6.300000190734863,1.5,0.0,23.0,v2 dji fc3682 4000 3000 brown 0.6666
DJI_0814.JPG,DJI,FC3682,4000,3000,brown,0.6666666666666666,1,1790176058.0,40.34309255555556,-74.6535398888889,-16.48,10.0,-60.6377505620847,34.6570593704615,180.0,6.300000190734863,1.0,-0.10000000149011612,23.0,v2 dji fc3682 4000 3000 brown 0.6666
DJI_0815.JPG,DJI,FC3682,4000,3000,brown,0.6666666666666666,1,1790176061.0,40.343114,-74.65331477777778,-16.48,10.0,-61.60760669488524,34.99124468675769,180.0,5.900000095367432,0.699999988079071,0.0,23.0,v2 dji fc3682 4000 3000 brown 0.6666
DJI_0816.JPG,DJI,FC3682,4000,3000,brown,0.6666666666666666,1,1790176064.0,40.343150944444446,-74.65317144444445,-15.58,10.0,-61.8337319383539,35.06434558305505,180.0,1.399999976158142,2.0,0.0,23.0,v2 dji fc3682 4000 3000 brown 0.6666
DJI_0822.JPG,DJI,FC3682,4000,3000,brown,0.6666666666666666,1,1790176082.0,40.343169055555556,-74.6530901388889,-15.38,10.0,-60.130673222551444,34.46761541966416,180.0,2.200000047683716,0.5,0.0,23.0,v2 dji fc3682 4000 3000 brown 0.6666
DJI_0823.JPG,DJI,FC3682,4000,3000,brown,0.6666666666666666,1,1790176085.0,40.34318875,-74.65296047222223,-14.18,10.0,-59.26833157630283,34.12035112427238,180.0,1.600000023841858,0.0,0.0,23.0,v2 dji fc3682 4000 3000 brown 0.6666
DJI_0831.JPG,DJI,FC3682,4000,3000,brown,0.6666666666666666,1,1790176109.0,40.34290552777778,-74.65437347222223,-15.28,10.0,-61.05863179553221,34.80681990717991,180.0,-3.5999999046325684,-0.4000000059604645,0.0,23.0,v2 dji fc3682 4000 3000 brown 0.6666
DJI_0833.JPG,DJI,FC3682,4000,3000,brown,0.6666666666666666,1,1790176115.0,40.343015138888894,-74.65454650000001,-15.28,10.0,-59.834877419838854,34.353221800190376,180.0,-4.699999809265137,0.699999988079071,0.0,23.0,v2 dji fc3682 4000 3000 brown 0.6666
DJI_0834.JPG,DJI,FC3682,4000,3000,brown,0.6666666666666666,1,1790176118.0,40.34298486111111,-74.65479291666668,-15.88,10.0,-60.43112769633479,34.58202146339039,180.0,-7.800000190734863,-2.799999952316284,0.0,23.0,v2 dji fc3682 4000 3000 brown 0.6666
DJI_0835.JPG,DJI,FC3682,4000,3000,brown,0.6666666666666666,1,1790176121.0,40.342886,-74.65509016666667,-15.78,10.0,-59.931713556028555,34.391704286525865,180.0,-9.0,-3.299999952316284,0.0,23.0,v2 dji fc3682 4000 3000 brown 0.6666
DJI_0836.JPG,DJI,FC3682,4000,3000,brown,0.6666666666666666,1,1790176124.0,40.34280444444445,-74.65542602777778,-15.78,10.0,-59.9313818737393,34.391766843441566,180.0,-9.699999809265137,-2.799999952316284,0.0,23.0,v2 dji fc3682 4000 3000 brown 0.6666
DJI_0837.JPG,DJI,FC3682,4000,3000,brown,0.6666666666666666,1,1790176127.0,40.34273369444445,-74.65576283333334,-15.48,10.0,-59.833689649394856,34.35346329273087,180.0,-9.899999618530273,-2.5999999046325684,0.0,23.0,v2 dji fc3682 4000 3000 brown 0.6666
DJI_0838.JPG,DJI,FC3682,4000,3000,brown,0.6666666666666666,1,1790176130.0,40.342659194444444,-74.65611155555555,-15.18,10.0,-59.930727416554866,34.39191586761227,180.0,-9.800000190734863,-2.799999952316284,0.0,23.0,v2 dji fc3682 4000 3000 brown 0.6666
DJI_0839.JPG,DJI,FC3682,4000,3000,brown,0.6666666666666666,1,1790176133.0,40.34261916666667,-74.65627575,-14.08,10.0,-61.3827827491163,34.91838447883688,180.0,-1.0,0.20000000298023224,0.0,23.0,v2 dji fc3682 4000 3000 brown 0.6666
DJI_0841.JPG,DJI,FC3682,4000,3000,brown,0.6666666666666666,1,1790176139.0,40.34279302777778,-74.65645902777779,-14.78,10.0,-60.84424198999285,34.732915206530215,180.0,-3.4000000953674316,4.699999809265137,0.0,23.0,v2 dji fc3682 4000 3000 brown 0.6666
DJI_0842.JPG,DJI,FC3682,4000,3000,brown,0.6666666666666666,1,1790176142.0,40.342923500000005,-74.65656991666667,-14.68,10.0,-60.739302958526665,34.695615311277564,180.0,-2.9000000953674316,4.599999904632568,0.10000000149011612,23.0,v2 dji fc3682 4000 3000 brown 0.6666
DJI_0843.JPG,DJI,FC3682,4000,3000,brown,0.6666666666666666,1,1790176145.0,40.34304433333334,-74.65667216666667,-14.78,10.0,-59.93062686938188,34.3924375759843,180.0,-1.7000000476837158,3.5999999046325684,0.10000000149011612,23.0,v2 dji fc3682 4000 3000 brown 0.6666
DJI_0845.JPG,DJI,FC3682,4000,3000,brown,0.6666666666666666,1,1790176151.0,40.34312247222223,-74.65654036111111,-15.98,10.0,-60.42987868128462,34.582793165918744,180.0,3.200000047683716,0.5,0.0,23.0,v2 dji fc3682 4000 3000 brown 0.6666
DJI_0847.JPG,DJI,FC3682,4000,3000,brown,0.6666666666666666,1,1790176157.0,40.34316583333334,-74.65625277777778,-16.58,10.0,-60.22802132093975,34.50689103355095,180.0,4.5,0.699999988079071,-0.10000000149011612,23.0,v2 dji fc3682 4000 3000 brown 0.6666
DJI_0848.JPG,DJI,FC3682,4000,3000,brown,0.6666666666666666,1,1790176160.0,40.34318241666667,-74.6560748888889,-16.68,10.0,-60.53263451110344,34.62042799052849,180.0,5.699999809265137,0.8999999761581421,0.0,23.0,v2 dji fc3682 4000 3000 brown 0.6666
DJI_0849.JPG,DJI,FC3682,4000,3000,brown,0.6666666666666666,1,1790176163.0,40.34321125,-74.65587511111111,-15.78,10.0,-59.931388337782636,34.39226418175659,180.0,4.099999904632568,0.800000011920929,-0.699999988079071,23.0,v2 dji fc3682 4000 3000 brown 0.6666
DJI_0852.JPG,DJI,FC3682,4000,3000,brown,0.6666666666666666,1,1790176172.0,40.34335991666667,-74.65600677777779,-14.68,10.0,-58.637032326997975,33.845997730920864,180.0,-1.2999999523162842,0.699999988079071,0.0,23.0,v2 dji fc3682 4000 3000 brown 0.6666
DJI_0859.JPG,DJI,FC3682,4000,3000,brown,0.6666666666666666,1,1790176193.0,40.343039583333336,-74.65603200000001,-15.58,10.0,-58.72450512994626,33.88543914913701,180.0,-0.10000000149011612,-7.800000190734863,0.0,23.0,v2 dji fc3682 4000 3000 brown 0.6666
DJI_0860.JPG,DJI,FC3682,4000,3000,brown,0.6666666666666666,1,1790176196.0,40.34288819444445,-74.6560455,-15.28,10.0,-61.605232895970396,34.9920581514088,180.0,-0.5,-1.399999976158142,0.0,23.0,v2 dji fc3682 4000 3000 brown 0.6666
DJI_0862.JPG,DJI,FC3682,4000,3000,brown,0.6666666666666666,1,1790176202.0,40.34291841666667,-74.65585763888889,-15.88,10.0,-59.931148699311365,34.3920250614976,180.0,5.300000190734863,1.5,0.0,23.0,v2 dji fc3682 4000 3000 brown 0.6666
DJI_0863.JPG,DJI,FC3682,4000,3000,brown,0.6666666666666666,1,1790176205.0,40.34295619444445,-74.65564802777779,-16.18,10.0,-60.02951763075103,34.4302506189346,180.0,6.199999809265137,1.399999976158142,0.0,23.0,v2 dji fc3682 4000 3000 brown 0.6666
DJI_0864.JPG,DJI,FC3682,4000,3000,brown,0.6666666666666666,1,1790176208.0,40.3429895,-74.65544113888889,-15.88,10.0,-60.32913858113669,34.544405966816655,180.0,5.099999904632568,0.8999999761581421,0.0,23.0,v2 dji fc3682 4000 3000 brown 0.6666
DJI_0865.JPG,DJI,FC3682,4000,3000,brown,0.6666666666666666,1,1790176211.0,40.343022833333336,-74.65526241666667,-16.28,10.0,-61.2743606159069,34.88142012561686,180.0,4.099999904632568,1.7000000476837158,-0.10000000149011612,23.0,v2 dji fc3682 4000 3000 brown 0.6666
DJI_0867.JPG,DJI,FC3682,4000,3000,brown,0.6666666666666666,1,1790176217.0,40.343110861111114,-74.65498725,-15.68,10.0,-60.8456759578851,34.73262328018533,180.0,4.699999809265137,-0.30000001192092896,0.0,23.0,v2 dji fc3682 4000 3000 brown 0.6666
DJI_0869.JPG,DJI,FC3682,4000,3000,brown,0.6666666666666666,1,1790176223.0,40.34311802777778,-74.6546766388889,-15.08,10.0,-54.204823554025296,31.15660913086579,180.0,1.5,2.4000000953674316,0.10000000149011612,23.0,v2 dji fc3682 4000 3000 brown 0.6666
DJI_0872.JPG,DJI,FC3682,4000,3000,brown,0.6666666666666666,1,1790176232.0,40.34323088888889,-74.65439025,-15.78,10.0,-53.7619202038271,30.790148521022214,180.0,5.599999904632568,1.7000000476837158,0.10000000149011612,23.0,v2 dji fc3682 4000 3000 brown 0.6666
DJI_0878.JPG,DJI,FC3682,4000,3000,brown,0.6666666666666666,1,1790176250.0,40.343292250000005,-74.65407333333334,-14.68,10.0,-53.925893538427516,30.92806846941183,180.0,3.4000000953674316,0.30000001192092896,0.0,23.0,v2 dji fc3682 4000 3000 brown 0.6666
DJI_0880.JPG,DJI,FC3682,4000,3000,brown,0.6666666666666666,1,1790176256.0,40.34332858333334,-74.65380322222222,-16.28,10.0,-53.70844337747358,30.74377254999818,180.0,4.0,1.5,0.10000000149011612,23.0,v2 dji fc3682 4000 3000 brown 0.6666
DJI_0881.JPG,DJI,FC3682,4000,3000,brown,0.6666666666666666,1,1790176259.0,40.34335772222222,-74.65365600000001,-16.48,10.0,-53.816744969401086,30.835988478358832,180.0,4.599999904632568,0.5,0.0,23.0,v2 dji fc3682 4000 3000 brown 0.6666
DJI_0882.JPG,DJI,FC3682,4000,3000,brown,0.6666666666666666,1,1790176262.0,40.34339266666667,-74.65347136111112,-16.08,10.0,-54.03715152989688,31.019469564954765,180.0,5.400000095367432,2.200000047683716,0.0,23.0,v2 dji fc3682 4000 3000 brown 0.6666
DJI_0883.JPG,DJI,FC3682,4000,3000,brown,0.6666666666666666,1,1790176265.0,40.34345016666667,-74.65329969444446,-14.98,10.0,-53.92652861657581,30.927826249724482,180.0,4.099999904632568,1.600000023841858,0.0,23.0,v2 dji fc3682 4000 3000 brown 0.6666
DJI_0892.JPG,DJI,FC3682,4000,3000,brown,0.6666666666666666,1,1790176292.0,40.34358177777778,-74.65331866666668,-14.68,10.0,-54.611961952361405,31.47254863823801,180.0,-1.2000000476837158,5.0,0.10000000149011612,23.0,v2 dji fc3682 4000 3000 brown 0.6666
DJI_0893.JPG,DJI,FC3682,4000,3000,brown,0.6666666666666666,1,1790176295.0,40.343736722222225,-74.65338183333334,-14.88,10.0,-54.32041398057147,31.247233247977412,180.0,-2.799999952316284,6.199999809265137,0.0,23.0,v2 dji fc3682 4000 3000 brown 0.6666
DJI_0894.JPG,DJI,FC3682,4000,3000,brown,0.6666666666666666,1,1790176298.0,40.343919444444445,-74.65349719444445,-14.78,10.0,-54.32051400595319,31.247415486799436,180.0,-3.0,7.199999809265137,0.0,23.0,v2 dji fc3682 4000 3000 brown 0.6666
DJI_0898.JPG,DJI,FC3682,4000,3000,brown,0.6666666666666666,1,1790176310.0,40.34382577777778,-74.65349672222223,-15.38,10.0,-52.74112681568789,29.851430364947863,180.0,1.5,-3.4000000953674316,0.0,23.0,v2 dji fc3682 4000 3000 brown 0.6666
DJI_0901.JPG,DJI,FC3682,4000,3000,brown,0.6666666666666666,1,1790176319.0,40.34368469444445,-74.65349075,-15.08,10.0,-53.28863400312011,30.37157184931376,180.0,-5.599999904632568,-1.2999999523162842,0.0,23.0,v2 dji fc3682 4000 3000 brown 0.6666
DJI_0902.JPG,DJI,FC3682,4000,3000,brown,0.6666666666666666,1,1790176322.0,40.34364727777778,-74.65374697222222,-15.18,10.0,-53.54887199136467,30.60496369398436,180.0,-8.699999809265137,-1.7999999523162842,0.0,23.0,v2 dji fc3682 4000 3000 brown 0.6666
DJI_0903.JPG,DJI,FC3682,4000,3000,brown,0.6666666666666666,1,1790176325.0,40.34357633333334,-74.65406975,-15.18,10.0,-53.6015964798697,30.651477498508278,180.0,-9.300000190734863,-3.200000047683716,0.0,23.0,v2 dji fc3682 4000 3000 brown 0.6666
DJI_0904.JPG,DJI,FC3682,4000,3000,brown,0.6666666666666666,1,1790176328.0,40.34347638888889,-74.6544151388889,-15.28,10.0,-53.601289282445734,30.65156935003231,180.0,-9.399999618530273,-3.700000047683716,0.0,23.0,v2 dji fc3682 4000 3000 brown 0.6666
DJI_0905.JPG,DJI,FC3682,4000,3000,brown,0.6666666666666666,1,1790176331.0,40.34337488888889,-74.65473783333334,-15.28,10.0,-53.600996357694314,30.651648691495595,180.0,-9.399999618530273,-3.9000000953674316,0.0,23.0,v2 dji fc3682 4000 3000 brown 0.6666
DJI_0906.JPG,DJI,FC3682,4000,3000,brown,0.6666666666666666,1,1790176334.0,40.34326794444445,-74.65506980555556,-15.18,10.0,-53.60068674069519,30.651726357845938,180.0,-9.300000190734863,-3.799999952316284,0.0,23.0,v2 dji fc3682 4000 3000 brown 0.6666
DJI_0907.JPG,DJI,FC3682,4000,3000,brown,0.6666666666666666,1,1790176337.0,40.34317175,-74.65536800000001,-15.08,10.0,-53.653714631706535,30.698131234263958,180.0,-4.800000190734863,-2.0,0.0,23.0,v2 dji fc3682 4000 3000 brown 0.6666
DJI_0909.JPG,DJI,FC3682,4000,3000,brown,0.6666666666666666,1,1790176343.0,40.34310127777778,-74.6556021388889,-15.48,10.0,-53.54721284692438,30.605443502875204,180.0,-7.099999904632568,-2.700000047683716,0.0,23.0,v2 dji fc3682 4000 3000 brown 0.6666
DJI_0921.JPG,DJI,FC3682,4000,3000,brown,0.6666666666666666,1,1790176379.0,40.34337338888889,-74.65574558333334,-16.18,10.0,-53.65367936603374,30.698448806249328,180.0,3.200000047683716,0.4000000059604645,0.0,23.0,v2 dji fc3682 4000 3000 brown 0.6666
DJI_0925.JPG,DJI,FC3682,4000,3000,brown,0.6666666666666666,1,1790176391.0,40.343407472222225,-74.65551841666667,-15.48,10.0,-53.76139688594839,30.7907938903068,180.0,2.5999999046325684,0.5,0.0,23.0,v2 dji fc3682 4000 3000 brown 0.6666
DJI_0927.JPG,DJI,FC3682,4000,3000,brown,0.6666666666666666,1,1790176397.0,40.34342183333334,-74.65531758333334,-15.98,10.0,-53.76153359245628,30.790710096667155,180.0,2.799999952316284,0.0,0.0,23.0,v2 dji fc3682 4000 3000 brown 0.6666
DJI_0929.JPG,DJI,FC3682,4000,3000,brown,0.6666666666666666,1,1790176403.0,40.3434425,-74.6550655,-16.08,10.0,-53.76170621412438,30.790606855622432,180.0,3.799999952316284,0.6000000238418579,0.0,23.0,v2 dji fc3682 4000 3000 brown 0.6666
DJI_0931.JPG,DJI,FC3682,4000,3000,brown,0.6666666666666666,1,1790176409.0,40.34351347222223,-74.65479152777779,-15.38,10.0,-53.601097915531795,30.65176999758114,180.0,3.0999999046325684,1.2000000476837158,0.0,23.0,v2 dji fc3682 4000 3000 brown 0.6666
DJI_0933.JPG,DJI,FC3682,4000,3000,brown,0.6666666666666666,1,1790176415.0,40.343600333333335,-74.65458511111112,-15.68,10.0,-53.49563106029012,30.558822875219807,180.0,2.5,2.0999999046325684,0.0,23.0,v2 dji fc3682 4000 3000 brown 0.6666
DJI_0936.JPG,DJI,FC3682,4000,3000,brown,0.6666666666666666,1,1790176424.0,40.34378925,-74.6541886388889,-13.98,10.0,-53.601732439864215,30.651682731775793,180.0,-0.30000001192092896,-0.10000000149011612,0.0,23.0,v2 dji fc3682 4000 3000 brown 0.6666
DJI_0941.JPG,DJI,FC3682,4000,3000,brown,0.6666666666666666,1,1790176439.0,40.34390233333333,-74.6538915,-15.78,10.0,-53.655325160353286,30.697959609706945,180.0,4.300000190734863,1.7999999523162842,0.0,23.0,v2 dji fc3682 4000 3000 brown 0.6666
DJI_0942.JPG,DJI,FC3682,4000,3000,brown,0.6666666666666666,1,1790176442.0,40.343955722222226,-74.65374130555556,-15.98,10.0,-53.49648326074671,30.558674836211928,180.0,4.599999904632568,2.0,-0.10000000149011612,23.0,v2 dji fc3682 4000 3000 brown 0.6666
DJI_0946.JPG,DJI,FC3682,4000,3000,brown,0.6666666666666666,1,1790176454.0,40.34404905555556,-74.65339277777778,-15.28,10.0,-53.54947478775177,30.605077049688887,180.0,4.199999809265137,1.2999999523162842,0.0,23.0,v2 dji fc3682 4000 3000 brown 0.6666
DJI_0947.JPG,DJI,FC3682,4000,3000,brown,0.6666666666666666,1,1790176457.0,40.34408747222223,-74.65322127777779,-16.18,10.0,-54.037977603725906,31.01984802479845,180.0,5.400000095367432,1.5,0.0,23.0,v2 dji fc3682 4000 3000 brown 0.6666
DJI_0957.JPG,DJI,FC3682,4000,3000,brown,0.6666666666666666,1,1790176487.0,40.34423294444445,-74.65333005555556,-14.98,10.0,-54.378537098155284,31.292824202894487,180.0,-3.4000000953674316,3.200000047683716,0.0,23.0,v2 dji fc3682 4000 3000 brown 0.6666
DJI_0958.JPG,DJI,FC3682,4000,3000,brown,0.6666666666666666,1,1790176490.0,40.34430672222222,-74.65346405555556,-15.08,10.0,-52.887655513172575,29.994565460482985,180.0,-2.5999999046325684,0.800000011920929,0.0,23.0,v2 dji fc3682 4000 3000 brown 0.6666
DJI_0960.JPG,DJI,FC3682,4000,3000,brown,0.6666666666666666,1,1790176496.0,40.344191361111115,-74.65380972222223,-15.88,10.0,-53.549358297470874,30.60536947012357,180.0,-8.300000190734863,-3.700000047683716,0.0,23.0,v2 dji fc3682 4000 3000 brown 0.6666
DJI_0961.JPG,DJI,FC3682,4000,3000,brown,0.6666666666666666,1,1790176499.0,40.344087638888894,-74.65412152777779,-16.38,10.0,-53.54906685461425,30.605440680161454,180.0,-9.100000381469727,-3.9000000953674316,0.0,23.0,v2 dji fc3682 4000 3000 brown 0.6666
DJI_0962.JPG,DJI,FC3682,4000,3000,brown,0.6666666666666666,1,1790176502.0,40.34397936111111,-74.65446244444445,-16.08,10.0,-53.49606888181765,30.559026888270385,180.0,-9.399999618530273,-3.9000000953674316,0.0,23.0,v2 dji fc3682 4000 3000 brown 0.6666
DJI_0963.JPG,DJI,FC3682,4000,3000,brown,0.6666666666666666,1,1790176505.0,40.34387191666667,-74.65479694444446,-15.98,10.0,-53.654744615048095,30.698359403364126,180.0,-9.399999618530273,-3.799999952316284,0.0,23.0,v2 dji fc3682 4000 3000 brown 0.6666
DJI_0964.JPG,DJI,FC3682,4000,3000,brown,0.6666666666666666,1,1790176508.0,40.34376697222223,-74.65513086111112,-15.88,10.0,-53.60113329686328,30.65210347356122,180.0,-9.399999618530273,-3.9000000953674316,0.0,23.0,v2 dji fc3682 4000 3000 brown 0.6666
DJI_0965.JPG,DJI,FC3682,4000,3000,brown,0.6666666666666666,1,1790176511.0,40.34366419444445,-74.65545333333334,-15.88,10.0,-53.495164600077175,30.55926985129207,180.0,-9.300000190734863,-3.9000000953674316,-0.10000000149011612,23.0,v2 dji fc3682 4000 3000 brown 0.6666
DJI_0966.JPG,DJI,FC3682,4000,3000,brown,0.6666666666666666,1,1790176514.0,40.34355844444445,-74.65578294444445,-16.08,10.0,-53.65383652434134,30.698596340486866,180.0,-9.199999809265137,-3.799999952316284,-0.10000000149011612,23.0,v2 dji fc3682 4000 3000 brown 0.6666
DJI_0967.JPG,DJI,FC3682,4000,3000,brown,0.6666666666666666,1,1790176517.0,40.34345155555556,-74.65612586111112,-15.78,10.0,-53.600221533311405,30.65234425929295,180.0,-9.399999618530273,-3.9000000953674316,0.0,23.0,v2 dji fc3682 4000 3000 brown 0.6666
DJI_0968.JPG,DJI,FC3682,4000,3000,brown,0.6666666666666666,1,1790176520.0,40.34336975,-74.65641197222223,-14.48,10.0,-53.49429556218443,30.55951037915193,180.0,-3.799999952316284,-0.8999999761581421,-0.10000000149011612,23.0,v2 dji fc3682 4000 3000 brown 0.6666
DJI_0997.JPG,DJI,FC3682,4000,3000,brown,0.6666666666666666,1,1790176607.0,40.34366313888889,-74.65363963888889,-15.18,10.0,122.44315012946777,-33.32054350806803,-5.626255078290702e-15,3.0999999046325684,0.699999988079071,0.0,23.0,v2 dji fc3682 4000 3000 brown 0.6666
DJI_0001.JPG,DJI,FC3682,4000,3000,brown,0.6666666666666666,1,1790176616.0,40.34375030555556,-74.65323783333334,-14.88,10.0,122.60014364652284,-33.238271760445876,-5.582669764203911e-15,3.9000000953674316,0.30000001192092896,0.20000000298023224,23.0,v2 dji fc3682 4000 3000 brown 0.6666
DJI_0002.JPG,DJI,FC3682,4000,3000,brown,0.6666666666666666,1,1790176619.0,40.34376405555556,-74.65308750000001,-15.18,10.0,122.44265717535137,-33.32039408699335,-5.626134160903736e-15,4.400000095367432,0.699999988079071,0.0,23.0,v2 dji fc3682 4000 3000 brown 0.6666
DJI_0003.JPG,DJI,FC3682,4000,3000,brown,0.6666666666666666,1,1790176622.0,40.343778138888894,-74.65292319444445,-15.58,10.0,122.52149436735768,-33.279299850324676,-5.604289356328407e-15,4.0,0.5,-0.30000001192092896,23.0,v2 dji fc3682 4000 3000 brown 0.6666
DJI_0006.JPG,DJI,FC3682,4000,3000,brown,0.6666666666666666,1,1790176631.0,40.343785583333336,-74.65283066666667,-16.58,10.0,138.98492633501547,1.7133502790528226,1.6220782151798714e-16,-0.20000000298023224,0.0,0.699999988079071,23.0,v2 dji fc3682 4000 3000 brown 0.6666
DJI_0022.JPG,DJI,FC3682,4000,3000,brown,0.6666666666666666,1,1790176679.0,40.34373,-74.65364691666667,-10.98,10.0,-76.07655302564787,37.648578929886284,180.0,-9.300000190734863,-0.800000011920929,0.0,23.0,v2 dji fc3682 4000 3000 brown 0.6666
DJI_0074.JPG,DJI,FC3682,4000,3000,brown,0.6666666666666666,1,1790176835.0,40.34369,-74.65472558333335,-14.78,10.0,128.47410520145547,-28.535919091433154,-3.836046735145437e-15,4.099999904632568,2.9000000953674316,0.0,23.0,v2 dji fc3682 4000 3000 brown 0.6666
DJI_0076.JPG,DJI,FC3682,4000,3000,brown,0.6666666666666666,1,1790176841.0,40.34381127777778,-74.65450194444445,-16.28,10.0,128.2615856018395,-28.783647143350727,-3.9038840845189375e-15,-0.30000001192092896,0.0,0.10000000149011612,23.0,v2 dji fc3682 4000 3000 brown 0.6666
DJI_0101.JPG,DJI,FC3682,4000,3000,brown,0.6666666666666666,1,1790176916.0,40.34333605555556,-74.65423955555556,-14.48,10.0,-37.3600302905969,-18.437812955677444,-180.0,0.6000000238418579,-6.099999904632568,0.0,23.0,v2 dji fc3682 4000 3000 brown 0.6666
