image_a,image_b,candidate,matches,common_tracks
DJI_0799.JPG,DJI_0806.JPG,1,2810,2922
DJI_0799.JPG,DJI_0807.JPG,1,1743,2013
DJI_0799.JPG,DJI_0809.JPG,0,0,565
DJI_0799.JPG,DJI_0810.JPG,0,0,69
DJI_0799.JPG,DJI_0812.JPG,0,0,49
DJI_0799.JPG,DJI_0813.JPG,0,0,37
DJI_0799.JPG,DJI_0814.JPG,0,0,23
DJI_0799.JPG,DJI_0816.JPG,0,0,1
DJI_0799.JPG,DJI_0833.JPG,0,0,100
DJI_0799.JPG,DJI_0834.JPG,0,0,36
DJI_0799.JPG,DJI_0863.JPG,0,0,1
DJI_0799.JPG,DJI_0864.JPG,0,0,2
DJI_0799.JPG,DJI_0865.JPG,0,0,2
DJI_0799.JPG,DJI_0867.JPG,0,0,1
DJI_0799.JPG,DJI_0869.JPG,0,0,197
DJI_0799.JPG,DJI_0872.JPG,0,0,523
DJI_0799.JPG,DJI_0878.JPG,0,0,960
DJI_0799.JPG,DJI_0880.JPG,0,0,743
DJI_0799.JPG,DJI_0881.JPG,0,0,563
DJI_0799.JPG,DJI_0882.JPG,0,0,365
DJI_0799.JPG,DJI_0883.JPG,0,0,177
DJI_0799.JPG,DJI_0892.JPG,0,0,248
DJI_0799.JPG,DJI_0893.JPG,0,0,358
DJI_0799.JPG,DJI_0894.JPG,0,0,519
DJI_0799.JPG,DJI_0898.JPG,0,0,612
DJI_0799.JPG,DJI_0901.JPG,0,0,653
DJI_0799.JPG,DJI_0902.JPG,1,1093,1338
DJI_0799.JPG,DJI_0903.JPG,1,1739,2201
DJI_0799.JPG,DJI_0904.JPG,0,0,1211
DJI_0799.JPG,DJI_0905.JPG,0,0,340
DJI_0799.JPG,DJI_0906.JPG,0,0,1
DJI_0799.JPG,DJI_0907.JPG,0,0,1
DJI_0799.JPG,DJI_0909.JPG,0,0,2
DJI_0799.JPG,DJI_0921.JPG,0,0,2
DJI_0799.JPG,DJI_0925.JPG,0,0,2
DJI_0799.JPG,DJI_0927.JPG,0,0,1
DJI_0799.JPG,DJI_0929.JPG,0,0,11
DJI_0799.JPG,DJI_0931.JPG,1,196,452
DJI_0799.JPG,DJI_0933.JPG,1,585,1104
DJI_0799.JPG,DJI_0936.JPG,1,2354,2679
DJI_0799.JPG,DJI_0941.JPG,1,1573,1771
DJI_0799.JPG,DJI_0942.JPG,1,1029,1187
DJI_0799.JPG,DJI_0946.JPG,0,0,49
DJI_0799.JPG,DJI_0958.JPG,0,0,1
DJI_0799.JPG,DJI_0960.JPG,1,856,963
DJI_0799.JPG,DJI_0961.JPG,1,2096,2164
DJI_0799.JPG,DJI_0962.JPG,1,2306,2453
DJI_0799.JPG,DJI_0963.JPG,1,625,955
DJI_0799.JPG,DJI_0964.JPG,1,35,114
DJI_0799.JPG,DJI_0965.JPG,1,0,3
DJI_0799.JPG,DJI_0966.JPG,0,0,2
DJI_0799.JPG,DJI_0997.JPG,0,0,1186
DJI_0799.JPG,DJI_0001.JPG,0,0,16
DJI_0799.JPG,DJI_0022.JPG,0,0,1136
DJI_0799.JPG,DJI_0074.JPG,1,719,1001
DJI_0799.JPG,DJI_0076.JPG,1,1704,2014
DJI_0799.JPG,DJI_0101.JPG,0,0,947
DJI_0806.JPG,DJI_0807.JPG,1,4195,4291
DJI_0806.JPG,DJI_0809.JPG,0,0,1473
DJI_0806.JPG,DJI_0810.JPG,0,0,731
DJI_0806.JPG,DJI_0812.JPG,0,0,738
DJI_0806.JPG,DJI_0813.JPG,0,0,515
DJI_0806.JPG,DJI_0814.JPG,0,0,295
DJI_0806.JPG,DJI_0815.JPG,0,0,107
DJI_0806.JPG,DJI_0816.JPG,0,0,23
DJI_0806.JPG,DJI_0831.JPG,0,0,353
DJI_0806.JPG,DJI_0833.JPG,0,0,432
DJI_0806.JPG,DJI_0834.JPG,0,0,165
DJI_0806.JPG,DJI_0863.JPG,0,0,1
DJI_0806.JPG,DJI_0864.JPG,0,0,2
DJI_0806.JPG,DJI_0865.JPG,0,0,2
DJI_0806.JPG,DJI_0867.JPG,0,0,51
DJI_0806.JPG,DJI_0869.JPG,0,0,534
DJI_0806.JPG,DJI_0872.JPG,1,643,1280
DJI_0806.JPG,DJI_0878.JPG,1,1533,2149
DJI_0806.JPG,DJI_0880.JPG,1,1041,1394
DJI_0806.JPG,DJI_0881.JPG,0,0,985
DJI_0806.JPG,DJI_0882.JPG,0,0,543
DJI_0806.JPG,DJI_0883.JPG,0,0,194
DJI_0806.JPG,DJI_0892.JPG,0,0,186
DJI_0806.JPG,DJI_0893.JPG,0,0,247
DJI_0806.JPG,DJI_0894.JPG,0,0,340
DJI_0806.JPG,DJI_0898.JPG,0,0,503
DJI_0806.JPG,DJI_0901.JPG,0,0,614
DJI_0806.JPG,DJI_0902.JPG,1,1301,1591
DJI_0806.JPG,DJI_0903.JPG,1,2938,3272
DJI_0806.JPG,DJI_0904.JPG,1,1737,2452
DJI_0806.JPG,DJI_0905.JPG,1,318,837
DJI_0806.JPG,DJI_0906.JPG,0,0,34
DJI_0806.JPG,DJI_0907.JPG,0,0,1
DJI_0806.JPG,DJI_0909.JPG,0,0,2
DJI_0806.JPG,DJI_0921.JPG,0,0,2
DJI_0806.JPG,DJI_0925.JPG,0,0,2
DJI_0806.JPG,DJI_0927.JPG,0,0,1
DJI_0806.JPG,DJI_0929.JPG,0,0,173
DJI_0806.JPG,DJI_0931.JPG,1,507,1005
DJI_0806.JPG,DJI_0933.JPG,1,1277,2014
DJI_0806.JPG,DJI_0936.JPG,1,2841,3107
DJI_0806.JPG,DJI_0941.JPG,1,1370,1615
DJI_0806.JPG,DJI_0942.JPG,1,783,1011
DJI_0806.JPG,DJI_0946.JPG,0,0,2
DJI_0806.JPG,DJI_0960.JPG,0,0,649
DJI_0806.JPG,DJI_0961.JPG,1,1430,1651
DJI_0806.JPG,DJI_0962.JPG,1,2022,2302
DJI_0806.JPG,DJI_0963.JPG,1,712,1076
DJI_0806.JPG,DJI_0964.JPG,0,0,219
DJI_0806.JPG,DJI_0965.JPG,0,0,2
DJI_0806.JPG,DJI_0966.JPG,0,0,2
DJI_0806.JPG,DJI_0997.JPG,1,1042,1299
DJI_0806.JPG,DJI_0022.JPG,1,1035,1259
DJI_0806.JPG,DJI_0074.JPG,1,1077,1481
DJI_0806.JPG,DJI_0076.JPG,1,2056,2415
DJI_0806.JPG,DJI_0101.JPG,1,1816,2236
DJI_0807.JPG,DJI_0809.JPG,1,1766,2183
DJI_0807.JPG,DJI_0810.JPG,1,789,1184
DJI_0807.JPG,DJI_0812.JPG,1,647,931
DJI_0807.JPG,DJI_0813.JPG,0,0,617
DJI_0807.JPG,DJI_0814.JPG,0,0,329
DJI_0807.JPG,DJI_0815.JPG,0,0,102
DJI_0807.JPG,DJI_0816.JPG,0,0,8
DJI_0807.JPG,DJI_0831.JPG,0,0,572
DJI_0807.JPG,DJI_0833.JPG,0,0,664
DJI_0807.JPG,DJI_0834.JPG,0,0,287
DJI_0807.JPG,DJI_0863.JPG,0,0,1
DJI_0807.JPG,DJI_0864.JPG,0,0,2
DJI_0807.JPG,DJI_0865.JPG,0,0,3
DJI_0807.JPG,DJI_0867.JPG,0,0,171
DJI_0807.JPG,DJI_0869.JPG,1,343,796
DJI_0807.JPG,DJI_0872.JPG,1,1186,1828
DJI_0807.JPG,DJI_0878.JPG,1,2174,2608
DJI_0807.JPG,DJI_0880.JPG,1,1311,1604
DJI_0807.JPG,DJI_0881.JPG,1,804,1110
DJI_0807.JPG,DJI_0882.JPG,0,0,531
DJI_0807.JPG,DJI_0883.JPG,0,0,158
DJI_0807.JPG,DJI_0892.JPG,0,0,124
DJI_0807.JPG,DJI_0893.JPG,0,0,129
DJI_0807.JPG,DJI_0894.JPG,0,0,143
DJI_0807.JPG,DJI_0898.JPG,0,0,248
DJI_0807.JPG,DJI_0901.JPG,1,320,462
DJI_0807.JPG,DJI_0902.JPG,1,1068,1330
DJI_0807.JPG,DJI_0903.JPG,1,2813,3097
DJI_0807.JPG,DJI_0904.JPG,1,2230,2913
DJI_0807.JPG,DJI_0905.JPG,1,504,1087
DJI_0807.JPG,DJI_0906.JPG,0,0,146
DJI_0807.JPG,DJI_0907.JPG,0,0,1
DJI_0807.JPG,DJI_0909.JPG,0,0,2
DJI_0807.JPG,DJI_0921.JPG,0,0,2
DJI_0807.JPG,DJI_0925.JPG,0,0,2
DJI_0807.JPG,DJI_0927.JPG,0,0,1
DJI_0807.JPG,DJI_0929.JPG,0,0,292
DJI_0807.JPG,DJI_0931.JPG,1,574,1121
DJI_0807.JPG,DJI_0933.JPG,1,1340,2045
DJI_0807.JPG,DJI_0936.JPG,1,2076,2351
DJI_0807.JPG,DJI_0941.JPG,1,817,1042
DJI_0807.JPG,DJI_0942.JPG,0,0,602
DJI_0807.JPG,DJI_0946.JPG,0,0,1
DJI_0807.JPG,DJI_0960.JPG,0,0,343
DJI_0807.JPG,DJI_0961.JPG,0,0,1040
DJI_0807.JPG,DJI_0962.JPG,0,0,1707
DJI_0807.JPG,DJI_0963.JPG,0,0,959
DJI_0807.JPG,DJI_0964.JPG,0,0,243
DJI_0807.JPG,DJI_0965.JPG,0,0,2
DJI_0807.JPG,DJI_0966.JPG,0,0,2
DJI_0807.JPG,DJI_0997.JPG,0,0,906
DJI_0807.JPG,DJI_0022.JPG,1,660,890
DJI_0807.JPG,DJI_0074.JPG,1,1024,1408
DJI_0807.JPG,DJI_0076.JPG,1,1629,2045
DJI_0807.JPG,DJI_0101.JPG,1,2731,2956
DJI_0809.JPG,DJI_0810.JPG,1,2338,2493
DJI_0809.JPG,DJI_0812.JPG,1,905,1231
DJI_0809.JPG,DJI_0813.JPG,1,359,687
DJI_0809.JPG,DJI_0814.JPG,0,0,319
DJI_0809.JPG,DJI_0815.JPG,0,0,75
DJI_0809.JPG,DJI_0816.JPG,0,0,1
DJI_0809.JPG,DJI_0822.JPG,0,0,1
DJI_0809.JPG,DJI_0831.JPG,1,884,1169
DJI_0809.JPG,DJI_0833.JPG,1,763,1192
DJI_0809.JPG,DJI_0834.JPG,0,0,549
DJI_0809.JPG,DJI_0835.JPG,0,0,7
DJI_0809.JPG,DJI_0836.JPG,0,0,2
DJI_0809.JPG,DJI_0837.JPG,0,0,1
DJI_0809.JPG,DJI_0848.JPG,0,0,1
DJI_0809.JPG,DJI_0849.JPG,0,0,2
DJI_0809.JPG,DJI_0859.JPG,0,0,1
DJI_0809.JPG,DJI_0862.JPG,0,0,1
DJI_0809.JPG,DJI_0863.JPG,0,0,2
DJI_0809.JPG,DJI_0864.JPG,0,0,2
DJI_0809.JPG,DJI_0865.JPG,0,0,2
DJI_0809.JPG,DJI_0867.JPG,0,0,301
DJI_0809.JPG,DJI_0869.JPG,1,696,1127
DJI_0809.JPG,DJI_0872.JPG,1,2129,2435
DJI_0809.JPG,DJI_0878.JPG,1,2501,2757
DJI_0809.JPG,DJI_0880.JPG,1,1137,1530
DJI_0809.JPG,DJI_0881.JPG,0,0,954
DJI_0809.JPG,DJI_0882.JPG,0,0,448
DJI_0809.JPG,DJI_0883.JPG,0,0,76
DJI_0809.JPG,DJI_0892.JPG,0,0,6
DJI_0809.JPG,DJI_0893.JPG,0,0,2
DJI_0809.JPG,DJI_0894.JPG,0,0,4
DJI_0809.JPG,DJI_0898.JPG,0,0,21
DJI_0809.JPG,DJI_0901.JPG,0,0,126
DJI_0809.JPG,DJI_0902.JPG,0,0,497
DJI_0809.JPG,DJI_0903.JPG,1,1056,1485
DJI_0809.JPG,DJI_0904.JPG,1,1526,2068
DJI_0809.JPG,DJI_0905.JPG,1,606,1057
DJI_0809.JPG,DJI_0906.JPG,0,0,258
DJI_0809.JPG,DJI_0907.JPG,0,0,2
DJI_0809.JPG,DJI_0909.JPG,0,0,1
DJI_0809.JPG,DJI_0927.JPG,0,0,2
DJI_0809.JPG,DJI_0929.JPG,0,0,295
DJI_0809.JPG,DJI_0931.JPG,1,555,958
DJI_0809.JPG,DJI_0933.JPG,0,0,1293
DJI_0809.JPG,DJI_0936.JPG,0,0,910
DJI_0809.JPG,DJI_0941.JPG,0,0,305
DJI_0809.JPG,DJI_0942.JPG,0,0,168
DJI_0809.JPG,DJI_0960.JPG,0,0,54
DJI_0809.JPG,DJI_0961.JPG,0,0,182
DJI_0809.JPG,DJI_0962.JPG,0,0,380
DJI_0809.JPG,DJI_0963.JPG,0,0,329
DJI_0809.JPG,DJI_0964.JPG,0,0,131
DJI_0809.JPG,DJI_0997.JPG,0,0,334
DJI_0809.JPG,DJI_0022.JPG,0,0,374
DJI_0809.JPG,DJI_0074.JPG,0,0,729
DJI_0809.JPG,DJI_0076.JPG,0,0,824
DJI_0809.JPG,DJI_0101.JPG,1,2400,2651
DJI_0810.JPG,DJI_0812.JPG,1,1318,1529
DJI_0810.JPG,DJI_0813.JPG,1,488,798
DJI_0810.JPG,DJI_0814.JPG,1,214,404
DJI_0810.JPG,DJI_0815.JPG,1,31,92
DJI_0810.JPG,DJI_0816.JPG,1,0,3
DJI_0810.JPG,DJI_0822.JPG,0,0,2
DJI_0810.JPG,DJI_0823.JPG,1,0,0
DJI_0810.JPG,DJI_0831.JPG,1,1412,1521
DJI_0810.JPG,DJI_0833.JPG,1,778,1098
DJI_0810.JPG,DJI_0834.JPG,1,258,491
DJI_0810.JPG,DJI_0835.JPG,1,0,15
DJI_0810.JPG,DJI_0836.JPG,1,0,3
DJI_0810.JPG,DJI_0837.JPG,0,0,1
DJI_0810.JPG,DJI_0838.JPG,1,0,0
DJI_0810.JPG,DJI_0839.JPG,1,0,0
DJI_0810.JPG,DJI_0848.JPG,0,0,1
DJI_0810.JPG,DJI_0849.JPG,0,0,2
DJI_0810.JPG,DJI_0859.JPG,0,0,1
DJI_0810.JPG,DJI_0862.JPG,0,0,1
DJI_0810.JPG,DJI_0863.JPG,0,0,2
DJI_0810.JPG,DJI_0864.JPG,0,0,3
DJI_0810.JPG,DJI_0865.JPG,0,0,4
DJI_0810.JPG,DJI_0867.JPG,0,0,246
DJI_0810.JPG,DJI_0869.JPG,1,497,800
DJI_0810.JPG,DJI_0872.JPG,1,1152,1473
DJI_0810.JPG,DJI_0878.JPG,1,1241,1533
DJI_0810.JPG,DJI_0880.JPG,1,545,828
DJI_0810.JPG,DJI_0881.JPG,1,300,555
DJI_0810.JPG,DJI_0882.JPG,0,0,238
DJI_0810.JPG,DJI_0883.JPG,0,0,20
DJI_0810.JPG,DJI_0892.JPG,0,0,1
DJI_0810.JPG,DJI_0893.JPG,0,0,1
DJI_0810.JPG,DJI_0898.JPG,0,0,4
DJI_0810.JPG,DJI_0901.JPG,0,0,57
DJI_0810.JPG,DJI_0902.JPG,0,0,261
DJI_0810.JPG,DJI_0903.JPG,0,0,754
DJI_0810.JPG,DJI_0904.JPG,0,0,1227
DJI_0810.JPG,DJI_0905.JPG,0,0,680
DJI_0810.JPG,DJI_0906.JPG,0,0,209
DJI_0810.JPG,DJI_0907.JPG,0,0,2
DJI_0810.JPG,DJI_0909.JPG,0,0,1
DJI_0810.JPG,DJI_0927.JPG,0,0,5
DJI_0810.JPG,DJI_0929.JPG,0,0,194
DJI_0810.JPG,DJI_0931.JPG,0,0,558
DJI_0810.JPG,DJI_0933.JPG,0,0,708
DJI_0810.JPG,DJI_0936.JPG,0,0,358
DJI_0810.JPG,DJI_0941.JPG,0,0,114
DJI_0810.JPG,DJI_0942.JPG,0,0,57
DJI_0810.JPG,DJI_0962.JPG,0,0,3
DJI_0810.JPG,DJI_0963.JPG,0,0,14
DJI_0810.JPG,DJI_0964.JPG,0,0,9
DJI_0810.JPG,DJI_0997.JPG,0,0,166
DJI_0810.JPG,DJI_0022.JPG,0,0,209
DJI_0810.JPG,DJI_0074.JPG,0,0,254
DJI_0810.JPG,DJI_0076.JPG,0,0,199
DJI_0810.JPG,DJI_0101.JPG,1,1117,1472
DJI_0812.JPG,DJI_0813.JPG,1,2225,2283
DJI_0812.JPG,DJI_0814.JPG,1,1063,1243
DJI_0812.JPG,DJI_0815.JPG,1,315,484
DJI_0812.JPG,DJI_0816.JPG,1,85,174
DJI_0812.JPG,DJI_0822.JPG,1,0,33
DJI_0812.JPG,DJI_0823.JPG,1,0,1
DJI_0812.JPG,DJI_0831.JPG,1,409,648
DJI_0812.JPG,DJI_0833.JPG,1,173,398
DJI_0812.JPG,DJI_0834.JPG,1,26,109
DJI_0812.JPG,DJI_0835.JPG,1,0,2
DJI_0812.JPG,DJI_0836.JPG,1,0,2
DJI_0812.JPG,DJI_0837.JPG,1,0,0
DJI_0812.JPG,DJI_0838.JPG,1,0,0
DJI_0812.JPG,DJI_0839.JPG,1,0,0
DJI_0812.JPG,DJI_0864.JPG,0,0,1
DJI_0812.JPG,DJI_0865.JPG,0,0,1
DJI_0812.JPG,DJI_0867.JPG,0,0,2
DJI_0812.JPG,DJI_0869.JPG,0,0,273
DJI_0812.JPG,DJI_0872.JPG,1,320,663
DJI_0812.JPG,DJI_0878.JPG,1,1042,1370
DJI_0812.JPG,DJI_0880.JPG,1,998,1188
DJI_0812.JPG,DJI_0881.JPG,1,707,883
DJI_0812.JPG,DJI_0882.JPG,1,323,480
DJI_0812.JPG,DJI_0883.JPG,0,0,214
DJI_0812.JPG,DJI_0892.JPG,0,0,90
DJI_0812.JPG,DJI_0893.JPG,0,0,70
DJI_0812.JPG,DJI_0894.JPG,0,0,58
DJI_0812.JPG,DJI_0898.JPG,0,0,126
DJI_0812.JPG,DJI_0901.JPG,0,0,191
DJI_0812.JPG,DJI_0902.JPG,0,0,454
DJI_0812.JPG,DJI_0903.JPG,0,0,883
DJI_0812.JPG,DJI_0904.JPG,0,0,721
DJI_0812.JPG,DJI_0905.JPG,0,0,271
DJI_0812.JPG,DJI_0906.JPG,0,0,3
DJI_0812.JPG,DJI_0929.JPG,0,0,59
DJI_0812.JPG,DJI_0931.JPG,0,0,247
DJI_0812.JPG,DJI_0933.JPG,0,0,418
DJI_0812.JPG,DJI_0936.JPG,0,0,432
DJI_0812.JPG,DJI_0941.JPG,0,0,183
DJI_0812.JPG,DJI_0942.JPG,0,0,121
DJI_0812.JPG,DJI_0997.JPG,0,0,340
DJI_0812.JPG,DJI_0001.JPG,0,0,9
DJI_0812.JPG,DJI_0022.JPG,0,0,375
DJI_0812.JPG,DJI_0074.JPG,0,0,135
DJI_0812.JPG,DJI_0076.JPG,0,0,111
DJI_0812.JPG,DJI_0101.JPG,1,922,1202
DJI_0813.JPG,DJI_0814.JPG,1,2183,2245
DJI_0813.JPG,DJI_0815.JPG,1,830,1088
DJI_0813.JPG,DJI_0816.JPG,1,385,587
DJI_0813.JPG,DJI_0822.JPG,1,237,359
DJI_0813.JPG,DJI_0823.JPG,1,115,208
DJI_0813.JPG,DJI_0831.JPG,1,103,264
DJI_0813.JPG,DJI_0833.JPG,1,0,83
DJI_0813.JPG,DJI_0834.JPG,1,0,2
DJI_0813.JPG,DJI_0835.JPG,1,0,1
DJI_0813.JPG,DJI_0836.JPG,1,0,1
DJI_0813.JPG,DJI_0837.JPG,1,0,0
DJI_0813.JPG,DJI_0838.JPG,1,0,0
DJI_0813.JPG,DJI_0867.JPG,0,0,1
DJI_0813.JPG,DJI_0869.JPG,0,0,42
DJI_0813.JPG,DJI_0872.JPG,1,100,322
DJI_0813.JPG,DJI_0878.JPG,1,507,877
DJI_0813.JPG,DJI_0880.JPG,1,1077,1370
DJI_0813.JPG,DJI_0881.JPG,1,1042,1221
DJI_0813.JPG,DJI_0882.JPG,1,675,820
DJI_0813.JPG,DJI_0883.JPG,0,0,444
DJI_0813.JPG,DJI_0892.JPG,0,0,244
DJI_0813.JPG,DJI_0893.JPG,0,0,184
DJI_0813.JPG,DJI_0894.JPG,0,0,155
DJI_0813.JPG,DJI_0898.JPG,0,0,232
DJI_0813.JPG,DJI_0901.JPG,0,0,336
DJI_0813.JPG,DJI_0902.JPG,0,0,615
DJI_0813.JPG,DJI_0903.JPG,0,0,790
DJI_0813.JPG,DJI_0904.JPG,0,0,408
DJI_0813.JPG,DJI_0905.JPG,0,0,60
DJI_0813.JPG,DJI_0906.JPG,0,0,2
DJI_0813.JPG,DJI_0931.JPG,0,0,71
DJI_0813.JPG,DJI_0933.JPG,0,0,209
DJI_0813.JPG,DJI_0936.JPG,0,0,373
DJI_0813.JPG,DJI_0941.JPG,0,0,255
DJI_0813.JPG,DJI_0942.JPG,0,0,178
DJI_0813.JPG,DJI_0946.JPG,0,0,38
DJI_0813.JPG,DJI_0997.JPG,0,0,502
DJI_0813.JPG,DJI_0001.JPG,0,0,94
DJI_0813.JPG,DJI_0002.JPG,0,0,34
DJI_0813.JPG,DJI_0006.JPG,0,0,15
DJI_0813.JPG,DJI_0022.JPG,0,0,510
DJI_0813.JPG,DJI_0074.JPG,0,0,51
DJI_0813.JPG,DJI_0076.JPG,0,0,37
DJI_0813.JPG,DJI_0101.JPG,0,0,799
DJI_0814.JPG,DJI_0815.JPG,1,2291,2358
DJI_0814.JPG,DJI_0816.JPG,1,1171,1435
DJI_0814.JPG,DJI_0822.JPG,1,857,1021
DJI_0814.JPG,DJI_0823.JPG,1,451,652
DJI_0814.JPG,DJI_0831.JPG,1,0,43
DJI_0814.JPG,DJI_0833.JPG,0,0,2
DJI_0814.JPG,DJI_0834.JPG,0,0,2
DJI_0814.JPG,DJI_0835.JPG,1,0,1
DJI_0814.JPG,DJI_0836.JPG,1,0,1
DJI_0814.JPG,DJI_0837.JPG,1,0,0
DJI_0814.JPG,DJI_0838.JPG,1,0,0
DJI_0814.JPG,DJI_0867.JPG,0,0,1
DJI_0814.JPG,DJI_0869.JPG,0,0,1
DJI_0814.JPG,DJI_0872.JPG,0,0,96
DJI_0814.JPG,DJI_0878.JPG,1,212,495
DJI_0814.JPG,DJI_0880.JPG,1,600,940
DJI_0814.JPG,DJI_0881.JPG,1,888,1179
DJI_0814.JPG,DJI_0882.JPG,1,961,1120
DJI_0814.JPG,DJI_0883.JPG,1,694,837
DJI_0814.JPG,DJI_0892.JPG,0,0,466
DJI_0814.JPG,DJI_0893.JPG,0,0,333
DJI_0814.JPG,DJI_0894.JPG,0,0,263
DJI_0814.JPG,DJI_0898.JPG,0,0,360
DJI_0814.JPG,DJI_0901.JPG,0,0,488
DJI_0814.JPG,DJI_0902.JPG,0,0,687
DJI_0814.JPG,DJI_0903.JPG,0,0,493
DJI_0814.JPG,DJI_0904.JPG,0,0,189
DJI_0814.JPG,DJI_0905.JPG,0,0,1
DJI_0814.JPG,DJI_0906.JPG,0,0,1
DJI_0814.JPG,DJI_0933.JPG,0,0,63
DJI_0814.JPG,DJI_0936.JPG,0,0,233
DJI_0814.JPG,DJI_0941.JPG,0,0,281
DJI_0814.JPG,DJI_0942.JPG,0,0,218
DJI_0814.JPG,DJI_0946.JPG,0,0,64
DJI_0814.JPG,DJI_0947.JPG,0,0,32
DJI_0814.JPG,DJI_0997.JPG,0,0,627
DJI_0814.JPG,DJI_0001.JPG,0,0,204
DJI_0814.JPG,DJI_0002.JPG,0,0,106
DJI_0814.JPG,DJI_0003.JPG,0,0,39
DJI_0814.JPG,DJI_0006.JPG,0,0,48
DJI_0814.JPG,DJI_0022.JPG,0,0,599
DJI_0814.JPG,DJI_0074.JPG,0,0,13
DJI_0814.JPG,DJI_0076.JPG,0,0,6
DJI_0814.JPG,DJI_0101.JPG,0,0,464
DJI_0815.JPG,DJI_0816.JPG,1,2458,2512
DJI_0815.JPG,DJI_0822.JPG,1,1287,1498
DJI_0815.JPG,DJI_0823.JPG,1,897,1081
DJI_0815.JPG,DJI_0831.JPG,1,0,1
DJI_0815.JPG,DJI_0833.JPG,0,0,1
DJI_0815.JPG,DJI_0834.JPG,0,0,1
DJI_0815.JPG,DJI_0835.JPG,1,0,1
DJI_0815.JPG,DJI_0836.JPG,1,0,1
DJI_0815.JPG,DJI_0837.JPG,1,0,0
DJI_0815.JPG,DJI_0838.JPG,1,0,0
DJI_0815.JPG,DJI_0839.JPG,1,0,0
DJI_0815.JPG,DJI_0869.JPG,0,0,1
DJI_0815.JPG,DJI_0872.JPG,0,0,4
DJI_0815.JPG,DJI_0878.JPG,0,0,175
DJI_0815.JPG,DJI_0880.JPG,1,216,470
DJI_0815.JPG,DJI_0881.JPG,1,371,653
DJI_0815.JPG,DJI_0882.JPG,1,660,920
DJI_0815.JPG,DJI_0883.JPG,1,750,922
DJI_0815.JPG,DJI_0892.JPG,1,396,557
DJI_0815.JPG,DJI_0893.JPG,0,0,393
DJI_0815.JPG,DJI_0894.JPG,0,0,316
DJI_0815.JPG,DJI_0898.JPG,0,0,389
DJI_0815.JPG,DJI_0901.JPG,1,284,475
DJI_0815.JPG,DJI_0902.JPG,0,0,432
DJI_0815.JPG,DJI_0903.JPG,0,0,227
DJI_0815.JPG,DJI_0904.JPG,0,0,38
DJI_0815.JPG,DJI_0905.JPG,0,0,1
DJI_0815.JPG,DJI_0931.JPG,0,0,1
DJI_0815.JPG,DJI_0933.JPG,0,0,1
DJI_0815.JPG,DJI_0936.JPG,0,0,105
DJI_0815.JPG,DJI_0941.JPG,0,0,154
DJI_0815.JPG,DJI_0942.JPG,0,0,161
DJI_0815.JPG,DJI_0946.JPG,0,0,60
DJI_0815.JPG,DJI_0947.JPG,0,0,48
DJI_0815.JPG,DJI_0997.JPG,0,0,489
DJI_0815.JPG,DJI_0001.JPG,1,197,305
DJI_0815.JPG,DJI_0002.JPG,0,0,209
DJI_0815.JPG,DJI_0003.JPG,0,0,142
DJI_0815.JPG,DJI_0006.JPG,0,0,116
DJI_0815.JPG,DJI_0022.JPG,0,0,416
DJI_0815.JPG,DJI_0101.JPG,0,0,201
DJI_0816.JPG,DJI_0822.JPG,1,1863,2103
DJI_0816.JPG,DJI_0823.JPG,1,1348,1552
DJI_0816.JPG,DJI_0831.JPG,1,0,1
DJI_0816.JPG,DJI_0833.JPG,0,0,1
DJI_0816.JPG,DJI_0834.JPG,0,0,1
DJI_0816.JPG,DJI_0835.JPG,0,0,1
DJI_0816.JPG,DJI_0836.JPG,0,0,1
DJI_0816.JPG,DJI_0838.JPG,1,0,0
DJI_0816.JPG,DJI_0839.JPG,1,0,0
DJI_0816.JPG,DJI_0869.JPG,0,0,1
DJI_0816.JPG,DJI_0872.JPG,0,0,2
DJI_0816.JPG,DJI_0878.JPG,0,0,63
DJI_0816.JPG,DJI_0880.JPG,1,112,280
DJI_0816.JPG,DJI_0881.JPG,1,207,461
DJI_0816.JPG,DJI_0882.JPG,1,414,678
DJI_0816.JPG,DJI_0883.JPG,1,918,1127
DJI_0816.JPG,DJI_0892.JPG,1,485,705
DJI_0816.JPG,DJI_0893.JPG,1,231,425
DJI_0816.JPG,DJI_0894.JPG,0,0,327
DJI_0816.JPG,DJI_0898.JPG,0,0,382
DJI_0816.JPG,DJI_0901.JPG,0,0,427
DJI_0816.JPG,DJI_0902.JPG,0,0,311
DJI_0816.JPG,DJI_0903.JPG,0,0,114
DJI_0816.JPG,DJI_0904.JPG,0,0,1
DJI_0816.JPG,DJI_0905.JPG,0,0,1
DJI_0816.JPG,DJI_0931.JPG,0,0,1
DJI_0816.JPG,DJI_0933.JPG,0,0,1
DJI_0816.JPG,DJI_0936.JPG,0,0,62
DJI_0816.JPG,DJI_0941.JPG,0,0,127
DJI_0816.JPG,DJI_0942.JPG,0,0,148
DJI_0816.JPG,DJI_0946.JPG,0,0,98
DJI_0816.JPG,DJI_0947.JPG,0,0,73
DJI_0816.JPG,DJI_0997.JPG,0,0,365
DJI_0816.JPG,DJI_0001.JPG,1,268,380
DJI_0816.JPG,DJI_0002.JPG,0,0,291
DJI_0816.JPG,DJI_0003.JPG,0,0,240
DJI_0816.JPG,DJI_0006.JPG,1,87,158
DJI_0816.JPG,DJI_0022.JPG,0,0,323
DJI_0816.JPG,DJI_0101.JPG,0,0,75
DJI_0822.JPG,DJI_0823.JPG,1,2584,2669
DJI_0822.JPG,DJI_0831.JPG,1,0,1
DJI_0822.JPG,DJI_0833.JPG,0,0,1
DJI_0822.JPG,DJI_0836.JPG,1,0,0
DJI_0822.JPG,DJI_0839.JPG,1,0,0
DJI_0822.JPG,DJI_0869.JPG,0,0,1
DJI_0822.JPG,DJI_0872.JPG,0,0,2
DJI_0822.JPG,DJI_0878.JPG,0,0,10
DJI_0822.JPG,DJI_0880.JPG,0,0,173
DJI_0822.JPG,DJI_0881.JPG,1,215,360
DJI_0822.JPG,DJI_0882.JPG,1,461,630
DJI_0822.JPG,DJI_0883.JPG,1,800,967
DJI_0822.JPG,DJI_0892.JPG,1,573,758
DJI_0822.JPG,DJI_0893.JPG,1,234,409
DJI_0822.JPG,DJI_0894.JPG,0,0,287
DJI_0822.JPG,DJI_0898.JPG,0,0,356
DJI_0822.JPG,DJI_0901.JPG,0,0,403
DJI_0822.JPG,DJI_0902.JPG,0,0,266
DJI_0822.JPG,DJI_0903.JPG,0,0,37
DJI_0822.JPG,DJI_0904.JPG,0,0,1
DJI_0822.JPG,DJI_0905.JPG,0,0,1
DJI_0822.JPG,DJI_0931.JPG,0,0,1
DJI_0822.JPG,DJI_0933.JPG,0,0,1
DJI_0822.JPG,DJI_0936.JPG,0,0,11
DJI_0822.JPG,DJI_0941.JPG,0,0,72
DJI_0822.JPG,DJI_0942.JPG,0,0,88
DJI_0822.JPG,DJI_0946.JPG,0,0,81
DJI_0822.JPG,DJI_0947.JPG,0,0,73
DJI_0822.JPG,DJI_0997.JPG,0,0,240
DJI_0822.JPG,DJI_0001.JPG,1,139,288
DJI_0822.JPG,DJI_0002.JPG,1,124,259
DJI_0822.JPG,DJI_0003.JPG,1,121,241
DJI_0822.JPG,DJI_0006.JPG,1,52,144
DJI_0822.JPG,DJI_0022.JPG,0,0,223
DJI_0822.JPG,DJI_0101.JPG,0,0,14
DJI_0823.JPG,DJI_0831.JPG,1,0,0
DJI_0823.JPG,DJI_0833.JPG,1,0,0
DJI_0823.JPG,DJI_0836.JPG,1,0,0
DJI_0823.JPG,DJI_0837.JPG,1,0,0
DJI_0823.JPG,DJI_0839.JPG,1,0,0
DJI_0823.JPG,DJI_0878.JPG,0,0,2
DJI_0823.JPG,DJI_0880.JPG,0,0,109
DJI_0823.JPG,DJI_0881.JPG,1,110,255
DJI_0823.JPG,DJI_0882.JPG,1,247,438
DJI_0823.JPG,DJI_0883.JPG,1,595,766
DJI_0823.JPG,DJI_0892.JPG,1,507,658
DJI_0823.JPG,DJI_0893.JPG,0,0,333
DJI_0823.JPG,DJI_0894.JPG,0,0,215
DJI_0823.JPG,DJI_0898.JPG,0,0,287
DJI_0823.JPG,DJI_0901.JPG,1,158,314
DJI_0823.JPG,DJI_0902.JPG,0,0,217
DJI_0823.JPG,DJI_0903.JPG,0,0,13
DJI_0823.JPG,DJI_0936.JPG,0,0,2
DJI_0823.JPG,DJI_0941.JPG,0,0,55
DJI_0823.JPG,DJI_0942.JPG,0,0,76
DJI_0823.JPG,DJI_0946.JPG,0,0,71
DJI_0823.JPG,DJI_0947.JPG,0,0,62
DJI_0823.JPG,DJI_0997.JPG,0,0,182
DJI_0823.JPG,DJI_0001.JPG,1,155,273
DJI_0823.JPG,DJI_0002.JPG,1,214,335
DJI_0823.JPG,DJI_0003.JPG,1,216,314
DJI_0823.JPG,DJI_0006.JPG,1,105,193
DJI_0823.JPG,DJI_0022.JPG,0,0,175
DJI_0831.JPG,DJI_0833.JPG,1,2448,2508
DJI_0831.JPG,DJI_0834.JPG,1,1169,1446
DJI_0831.JPG,DJI_0835.JPG,1,360,525
DJI_0831.JPG,DJI_0836.JPG,1,0,3
DJI_0831.JPG,DJI_0837.JPG,1,0,1
DJI_0831.JPG,DJI_0838.JPG,1,0,0
DJI_0831.JPG,DJI_0839.JPG,1,0,0
DJI_0831.JPG,DJI_0848.JPG,0,0,1
DJI_0831.JPG,DJI_0849.JPG,0,0,2
DJI_0831.JPG,DJI_0859.JPG,0,0,1
DJI_0831.JPG,DJI_0862.JPG,0,0,1
DJI_0831.JPG,DJI_0863.JPG,1,0,2
DJI_0831.JPG,DJI_0864.JPG,0,0,2
DJI_0831.JPG,DJI_0865.JPG,1,132,219
DJI_0831.JPG,DJI_0867.JPG,1,659,901
DJI_0831.JPG,DJI_0869.JPG,1,1411,1641
DJI_0831.JPG,DJI_0872.JPG,1,1374,1582
DJI_0831.JPG,DJI_0878.JPG,1,479,709
DJI_0831.JPG,DJI_0880.JPG,0,0,239
DJI_0831.JPG,DJI_0881.JPG,0,0,100
DJI_0831.JPG,DJI_0882.JPG,0,0,1
DJI_0831.JPG,DJI_0902.JPG,0,0,23
DJI_0831.JPG,DJI_0903.JPG,0,0,318
DJI_0831.JPG,DJI_0904.JPG,0,0,870
DJI_0831.JPG,DJI_0905.JPG,0,0,1172
DJI_0831.JPG,DJI_0906.JPG,0,0,687
DJI_0831.JPG,DJI_0907.JPG,0,0,206
DJI_0831.JPG,DJI_0909.JPG,0,0,2
DJI_0831.JPG,DJI_0925.JPG,0,0,51
DJI_0831.JPG,DJI_0927.JPG,0,0,210
DJI_0831.JPG,DJI_0929.JPG,0,0,408
DJI_0831.JPG,DJI_0931.JPG,0,0,798
DJI_0831.JPG,DJI_0933.JPG,0,0,696
DJI_0831.JPG,DJI_0936.JPG,0,0,169
DJI_0831.JPG,DJI_0941.JPG,0,0,17
DJI_0831.JPG,DJI_0997.JPG,0,0,1
DJI_0831.JPG,DJI_0022.JPG,0,0,34
DJI_0831.JPG,DJI_0074.JPG,0,0,249
DJI_0831.JPG,DJI_0076.JPG,0,0,94
DJI_0831.JPG,DJI_0101.JPG,0,0,986
DJI_0833.JPG,DJI_0834.JPG,1,2747,2896
DJI_0833.JPG,DJI_0835.JPG,1,742,1085
DJI_0833.JPG,DJI_0836.JPG,1,27,59
DJI_0833.JPG,DJI_0837.JPG,0,0,1
DJI_0833.JPG,DJI_0839.JPG,1,0,0
DJI_0833.JPG,DJI_0847.JPG,0,0,1
DJI_0833.JPG,DJI_0848.JPG,0,0,3
DJI_0833.JPG,DJI_0849.JPG,0,0,4
DJI_0833.JPG,DJI_0852.JPG,0,0,1
DJI_0833.JPG,DJI_0859.JPG,0,0,3
DJI_0833.JPG,DJI_0862.JPG,0,0,3
DJI_0833.JPG,DJI_0863.JPG,0,0,4
DJI_0833.JPG,DJI_0864.JPG,0,0,121
DJI_0833.JPG,DJI_0865.JPG,1,335,592
DJI_0833.JPG,DJI_0867.JPG,1,1492,1769
DJI_0833.JPG,DJI_0869.JPG,1,3213,3290
DJI_0833.JPG,DJI_0872.JPG,1,1951,2152
DJI_0833.JPG,DJI_0878.JPG,0,0,767
DJI_0833.JPG,DJI_0880.JPG,0,0,146
DJI_0833.JPG,DJI_0881.JPG,0,0,10
DJI_0833.JPG,DJI_0882.JPG,0,0,1
DJI_0833.JPG,DJI_0902.JPG,0,0,1
DJI_0833.JPG,DJI_0903.JPG,0,0,330
DJI_0833.JPG,DJI_0904.JPG,1,801,1198
DJI_0833.JPG,DJI_0905.JPG,1,1745,2118
DJI_0833.JPG,DJI_0906.JPG,0,0,1304
DJI_0833.JPG,DJI_0907.JPG,0,0,512
DJI_0833.JPG,DJI_0909.JPG,0,0,32
DJI_0833.JPG,DJI_0925.JPG,0,0,171
DJI_0833.JPG,DJI_0927.JPG,0,0,462
DJI_0833.JPG,DJI_0929.JPG,1,570,870
DJI_0833.JPG,DJI_0931.JPG,0,0,1411
DJI_0833.JPG,DJI_0933.JPG,0,0,1011
DJI_0833.JPG,DJI_0936.JPG,0,0,221
DJI_0833.JPG,DJI_0941.JPG,0,0,2
DJI_0833.JPG,DJI_0960.JPG,0,0,1
DJI_0833.JPG,DJI_0961.JPG,0,0,5
DJI_0833.JPG,DJI_0962.JPG,0,0,73
DJI_0833.JPG,DJI_0963.JPG,0,0,197
DJI_0833.JPG,DJI_0964.JPG,0,0,185
DJI_0833.JPG,DJI_0965.JPG,0,0,82
DJI_0833.JPG,DJI_0966.JPG,0,0,2
DJI_0833.JPG,DJI_0967.JPG,0,0,1
DJI_0833.JPG,DJI_0997.JPG,0,0,1
DJI_0833.JPG,DJI_0074.JPG,0,0,633
DJI_0833.JPG,DJI_0076.JPG,0,0,329
DJI_0833.JPG,DJI_0101.JPG,1,818,1292
DJI_0834.JPG,DJI_0835.JPG,1,2006,2178
DJI_0834.JPG,DJI_0836.JPG,1,310,516
DJI_0834.JPG,DJI_0837.JPG,1,0,1
DJI_0834.JPG,DJI_0838.JPG,1,0,0
DJI_0834.JPG,DJI_0839.JPG,1,0,0
DJI_0834.JPG,DJI_0847.JPG,0,0,1
DJI_0834.JPG,DJI_0848.JPG,0,0,3
DJI_0834.JPG,DJI_0849.JPG,0,0,2
DJI_0834.JPG,DJI_0852.JPG,0,0,1
DJI_0834.JPG,DJI_0859.JPG,0,0,3
DJI_0834.JPG,DJI_0860.JPG,0,0,1
DJI_0834.JPG,DJI_0862.JPG,0,0,2
DJI_0834.JPG,DJI_0863.JPG,0,0,169
DJI_0834.JPG,DJI_0864.JPG,1,300,573
DJI_0834.JPG,DJI_0865.JPG,1,1003,1364
DJI_0834.JPG,DJI_0867.JPG,1,2985,3073
DJI_0834.JPG,DJI_0869.JPG,1,3029,3117
DJI_0834.JPG,DJI_0872.JPG,1,911,1285
DJI_0834.JPG,DJI_0878.JPG,0,0,255
DJI_0834.JPG,DJI_0903.JPG,0,0,39
DJI_0834.JPG,DJI_0904.JPG,0,0,676
DJI_0834.JPG,DJI_0905.JPG,1,1303,1713
DJI_0834.JPG,DJI_0906.JPG,1,1820,2126
DJI_0834.JPG,DJI_0907.JPG,0,0,1129
DJI_0834.JPG,DJI_0909.JPG,0,0,427
DJI_0834.JPG,DJI_0921.JPG,0,0,113
DJI_0834.JPG,DJI_0925.JPG,0,0,413
DJI_0834.JPG,DJI_0927.JPG,0,0,757
DJI_0834.JPG,DJI_0929.JPG,0,0,1209
DJI_0834.JPG,DJI_0931.JPG,0,0,1050
DJI_0834.JPG,DJI_0933.JPG,0,0,601
DJI_0834.JPG,DJI_0936.JPG,0,0,39
DJI_0834.JPG,DJI_0941.JPG,0,0,1
DJI_0834.JPG,DJI_0960.JPG,0,0,1
DJI_0834.JPG,DJI_0961.JPG,0,0,1
DJI_0834.JPG,DJI_0962.JPG,0,0,34
DJI_0834.JPG,DJI_0963.JPG,0,0,167
DJI_0834.JPG,DJI_0964.JPG,0,0,257
DJI_0834.JPG,DJI_0965.JPG,0,0,136
DJI_0834.JPG,DJI_0966.JPG,0,0,44
DJI_0834.JPG,DJI_0967.JPG,0,0,1
DJI_0834.JPG,DJI_0074.JPG,0,0,457
DJI_0834.JPG,DJI_0076.JPG,0,0,177
DJI_0834.JPG,DJI_0101.JPG,0,0,779
DJI_0835.JPG,DJI_0836.JPG,1,1452,1577
DJI_0835.JPG,DJI_0837.JPG,1,186,282
DJI_0835.JPG,DJI_0838.JPG,1,0,1
DJI_0835.JPG,DJI_0839.JPG,1,0,1
DJI_0835.JPG,DJI_0841.JPG,0,0,1
DJI_0835.JPG,DJI_0847.JPG,0,0,2
DJI_0835.JPG,DJI_0848.JPG,0,0,36
DJI_0835.JPG,DJI_0849.JPG,0,0,176
DJI_0835.JPG,DJI_0852.JPG,0,0,34
DJI_0835.JPG,DJI_0859.JPG,0,0,32
DJI_0835.JPG,DJI_0860.JPG,0,0,7
DJI_0835.JPG,DJI_0862.JPG,0,0,180
DJI_0835.JPG,DJI_0863.JPG,1,481,673
DJI_0835.JPG,DJI_0864.JPG,1,883,1212
DJI_0835.JPG,DJI_0865.JPG,1,2131,2390
DJI_0835.JPG,DJI_0867.JPG,1,2309,2468
DJI_0835.JPG,DJI_0869.JPG,1,885,1252
DJI_0835.JPG,DJI_0872.JPG,0,0,310
DJI_0835.JPG,DJI_0904.JPG,0,0,74
DJI_0835.JPG,DJI_0905.JPG,0,0,756
DJI_0835.JPG,DJI_0906.JPG,1,1410,1771
DJI_0835.JPG,DJI_0907.JPG,1,1509,1796
DJI_0835.JPG,DJI_0909.JPG,0,0,985
DJI_0835.JPG,DJI_0921.JPG,0,0,296
DJI_0835.JPG,DJI_0925.JPG,0,0,638
DJI_0835.JPG,DJI_0927.JPG,1,506,895
DJI_0835.JPG,DJI_0929.JPG,0,0,782
DJI_0835.JPG,DJI_0931.JPG,0,0,415
DJI_0835.JPG,DJI_0933.JPG,0,0,136
DJI_0835.JPG,DJI_0963.JPG,0,0,35
DJI_0835.JPG,DJI_0964.JPG,0,0,109
DJI_0835.JPG,DJI_0965.JPG,0,0,131
DJI_0835.JPG,DJI_0966.JPG,0,0,64
DJI_0835.JPG,DJI_0967.JPG,0,0,4
DJI_0835.JPG,DJI_0968.JPG,0,0,1
DJI_0835.JPG,DJI_0074.JPG,0,0,131
DJI_0835.JPG,DJI_0101.JPG,0,0,191
DJI_0836.JPG,DJI_0837.JPG,1,677,719
DJI_0836.JPG,DJI_0838.JPG,1,26,38
DJI_0836.JPG,DJI_0839.JPG,1,0,13
DJI_0836.JPG,DJI_0841.JPG,0,0,1
DJI_0836.JPG,DJI_0847.JPG,0,0,1
DJI_0836.JPG,DJI_0848.JPG,0,0,61
DJI_0836.JPG,DJI_0849.JPG,1,136,230
DJI_0836.JPG,DJI_0852.JPG,0,0,36
DJI_0836.JPG,DJI_0859.JPG,1,46,109
DJI_0836.JPG,DJI_0860.JPG,0,0,108
DJI_0836.JPG,DJI_0862.JPG,1,301,388
DJI_0836.JPG,DJI_0863.JPG,1,736,910
DJI_0836.JPG,DJI_0864.JPG,1,1112,1348
DJI_0836.JPG,DJI_0865.JPG,1,1280,1524
DJI_0836.JPG,DJI_0867.JPG,0,0,817
DJI_0836.JPG,DJI_0869.JPG,1,58,193
DJI_0836.JPG,DJI_0872.JPG,0,0,2
DJI_0836.JPG,DJI_0904.JPG,0,0,1
DJI_0836.JPG,DJI_0905.JPG,0,0,50
DJI_0836.JPG,DJI_0906.JPG,0,0,622
DJI_0836.JPG,DJI_0907.JPG,1,815,1095
DJI_0836.JPG,DJI_0909.JPG,1,977,1212
DJI_0836.JPG,DJI_0921.JPG,0,0,329
DJI_0836.JPG,DJI_0925.JPG,0,0,419
DJI_0836.JPG,DJI_0927.JPG,0,0,381
DJI_0836.JPG,DJI_0929.JPG,0,0,249
DJI_0836.JPG,DJI_0931.JPG,0,0,20
DJI_0836.JPG,DJI_0964.JPG,0,0,29
DJI_0836.JPG,DJI_0965.JPG,0,0,63
DJI_0836.JPG,DJI_0966.JPG,0,0,67
DJI_0836.JPG,DJI_0967.JPG,0,0,7
DJI_0836.JPG,DJI_0968.JPG,0,0,1
DJI_0836.JPG,DJI_0101.JPG,0,0,2
DJI_0837.JPG,DJI_0838.JPG,1,395,408
DJI_0837.JPG,DJI_0839.JPG,1,176,215
DJI_0837.JPG,DJI_0841.JPG,0,0,59
DJI_0837.JPG,DJI_0842.JPG,0,0,43
DJI_0837.JPG,DJI_0843.JPG,0,0,35
DJI_0837.JPG,DJI_0845.JPG,0,0,45
DJI_0837.JPG,DJI_0847.JPG,0,0,113
DJI_0837.JPG,DJI_0848.JPG,0,0,180
DJI_0837.JPG,DJI_0849.JPG,0,0,280
DJI_0837.JPG,DJI_0852.JPG,0,0,91
DJI_0837.JPG,DJI_0859.JPG,1,190,284
DJI_0837.JPG,DJI_0860.JPG,1,401,464
DJI_0837.JPG,DJI_0862.JPG,1,760,820
DJI_0837.JPG,DJI_0863.JPG,1,467,596
DJI_0837.JPG,DJI_0864.JPG,1,220,358
DJI_0837.JPG,DJI_0865.JPG,1,222,360
DJI_0837.JPG,DJI_0867.JPG,0,0,60
DJI_0837.JPG,DJI_0869.JPG,0,0,2
DJI_0837.JPG,DJI_0872.JPG,0,0,1
DJI_0837.JPG,DJI_0904.JPG,0,0,1
DJI_0837.JPG,DJI_0905.JPG,0,0,1
DJI_0837.JPG,DJI_0906.JPG,0,0,35
DJI_0837.JPG,DJI_0907.JPG,0,0,270
DJI_0837.JPG,DJI_0909.JPG,1,303,433
DJI_0837.JPG,DJI_0921.JPG,0,0,109
DJI_0837.JPG,DJI_0925.JPG,0,0,114
DJI_0837.JPG,DJI_0927.JPG,0,0,83
DJI_0837.JPG,DJI_0929.JPG,0,0,1
DJI_0837.JPG,DJI_0965.JPG,0,0,14
DJI_0837.JPG,DJI_0966.JPG,0,0,11
DJI_0837.JPG,DJI_0967.JPG,0,0,39
DJI_0837.JPG,DJI_0968.JPG,0,0,17
DJI_0837.JPG,DJI_0101.JPG,0,0,1
DJI_0838.JPG,DJI_0839.JPG,1,1536,1539
DJI_0838.JPG,DJI_0841.JPG,1,286,372
DJI_0838.JPG,DJI_0842.JPG,1,79,166
DJI_0838.JPG,DJI_0843.JPG,1,38,95
DJI_0838.JPG,DJI_0845.JPG,1,58,102
DJI_0838.JPG,DJI_0847.JPG,1,242,276
DJI_0838.JPG,DJI_0848.JPG,1,173,206
DJI_0838.JPG,DJI_0849.JPG,0,0,88
DJI_0838.JPG,DJI_0852.JPG,0,0,68
DJI_0838.JPG,DJI_0859.JPG,1,234,308
DJI_0838.JPG,DJI_0860.JPG,1,538,607
DJI_0838.JPG,DJI_0862.JPG,1,293,348
DJI_0838.JPG,DJI_0863.JPG,0,0,137
DJI_0838.JPG,DJI_0864.JPG,0,0,18
DJI_0838.JPG,DJI_0865.JPG,1,0,0
DJI_0838.JPG,DJI_0867.JPG,0,0,1
DJI_0838.JPG,DJI_0907.JPG,0,0,2
DJI_0838.JPG,DJI_0909.JPG,0,0,37
DJI_0838.JPG,DJI_0921.JPG,0,0,8
DJI_0838.JPG,DJI_0967.JPG,0,0,29
DJI_0838.JPG,DJI_0968.JPG,0,0,22
DJI_0839.JPG,DJI_0841.JPG,1,677,737
DJI_0839.JPG,DJI_0842.JPG,1,243,315
DJI_0839.JPG,DJI_0843.JPG,1,65,112
DJI_0839.JPG,DJI_0845.JPG,1,76,117
DJI_0839.JPG,DJI_0847.JPG,0,0,214
DJI_0839.JPG,DJI_0848.JPG,1,135,164
DJI_0839.JPG,DJI_0849.JPG,0,0,50
DJI_0839.JPG,DJI_0852.JPG,0,0,40
DJI_0839.JPG,DJI_0859.JPG,1,175,228
DJI_0839.JPG,DJI_0860.JPG,1,320,423
DJI_0839.JPG,DJI_0862.JPG,1,144,213
DJI_0839.JPG,DJI_0863.JPG,0,0,55
DJI_0839.JPG,DJI_0864.JPG,0,0,3
DJI_0839.JPG,DJI_0867.JPG,0,0,1
DJI_0839.JPG,DJI_0907.JPG,0,0,1
DJI_0839.JPG,DJI_0909.JPG,0,0,9
DJI_0839.JPG,DJI_0967.JPG,0,0,13
DJI_0839.JPG,DJI_0968.JPG,0,0,4
DJI_0841.JPG,DJI_0842.JPG,1,1031,1040
DJI_0841.JPG,DJI_0843.JPG,1,285,376
DJI_0841.JPG,DJI_0845.JPG,1,214,272
DJI_0841.JPG,DJI_0847.JPG,1,78,112
DJI_0841.JPG,DJI_0848.JPG,1,62,97
DJI_0841.JPG,DJI_0849.JPG,0,0,34
DJI_0841.JPG,DJI_0852.JPG,0,0,32
DJI_0841.JPG,DJI_0859.JPG,1,105,140
DJI_0841.JPG,DJI_0860.JPG,1,234,267
DJI_0841.JPG,DJI_0862.JPG,1,41,84
DJI_0841.JPG,DJI_0863.JPG,0,0,7
DJI_0841.JPG,DJI_0864.JPG,0,0,1
DJI_0841.JPG,DJI_0865.JPG,0,0,1
DJI_0841.JPG,DJI_0867.JPG,0,0,1
DJI_0841.JPG,DJI_0907.JPG,0,0,2
DJI_0841.JPG,DJI_0909.JPG,0,0,3
DJI_0841.JPG,DJI_0921.JPG,0,0,3
DJI_0841.JPG,DJI_0925.JPG,0,0,1
DJI_0841.JPG,DJI_0927.JPG,0,0,1
DJI_0841.JPG,DJI_0966.JPG,0,0,2
DJI_0841.JPG,DJI_0967.JPG,0,0,7
DJI_0841.JPG,DJI_0968.JPG,0,0,6
DJI_0842.JPG,DJI_0843.JPG,1,828,837
DJI_0842.JPG,DJI_0845.JPG,1,393,451
DJI_0842.JPG,DJI_0847.JPG,1,81,123
DJI_0842.JPG,DJI_0848.JPG,1,59,99
DJI_0842.JPG,DJI_0849.JPG,0,0,32
DJI_0842.JPG,DJI_0852.JPG,0,0,28
DJI_0842.JPG,DJI_0859.JPG,1,84,125
DJI_0842.JPG,DJI_0860.JPG,1,129,162
DJI_0842.JPG,DJI_0862.JPG,1,32,63
DJI_0842.JPG,DJI_0863.JPG,0,0,2
DJI_0842.JPG,DJI_0864.JPG,0,0,1
DJI_0842.JPG,DJI_0865.JPG,0,0,1
DJI_0842.JPG,DJI_0907.JPG,0,0,1
DJI_0842.JPG,DJI_0909.JPG,0,0,2
DJI_0842.JPG,DJI_0921.JPG,0,0,2
DJI_0842.JPG,DJI_0925.JPG,0,0,1
DJI_0842.JPG,DJI_0927.JPG,0,0,1
DJI_0842.JPG,DJI_0966.JPG,0,0,1
DJI_0842.JPG,DJI_0967.JPG,0,0,6
DJI_0842.JPG,DJI_0968.JPG,1,0,7
DJI_0843.JPG,DJI_0845.JPG,1,735,751
DJI_0843.JPG,DJI_0847.JPG,1,175,230
DJI_0843.JPG,DJI_0848.JPG,1,89,129
DJI_0843.JPG,DJI_0849.JPG,0,0,35
DJI_0843.JPG,DJI_0852.JPG,0,0,31
DJI_0843.JPG,DJI_0859.JPG,1,68,95
DJI_0843.JPG,DJI_0860.JPG,1,75,94
DJI_0843.JPG,DJI_0862.JPG,1,29,55
DJI_0843.JPG,DJI_0865.JPG,0,0,1
DJI_0843.JPG,DJI_0907.JPG,0,0,1
DJI_0843.JPG,DJI_0909.JPG,0,0,1
DJI_0843.JPG,DJI_0921.JPG,0,0,3
DJI_0843.JPG,DJI_0925.JPG,0,0,1
DJI_0843.JPG,DJI_0927.JPG,0,0,1
DJI_0843.JPG,DJI_0966.JPG,0,0,2
DJI_0843.JPG,DJI_0967.JPG,1,0,30
DJI_0843.JPG,DJI_0968.JPG,1,35,49
DJI_0845.JPG,DJI_0847.JPG,1,417,433
DJI_0845.JPG,DJI_0848.JPG,1,180,228
DJI_0845.JPG,DJI_0849.JPG,0,0,55
DJI_0845.JPG,DJI_0852.JPG,1,36,44
DJI_0845.JPG,DJI_0859.JPG,1,118,152
DJI_0845.JPG,DJI_0860.JPG,1,106,129
DJI_0845.JPG,DJI_0862.JPG,0,0,83
DJI_0845.JPG,DJI_0863.JPG,0,0,8
DJI_0845.JPG,DJI_0865.JPG,0,0,1
DJI_0845.JPG,DJI_0907.JPG,0,0,1
DJI_0845.JPG,DJI_0909.JPG,0,0,1
DJI_0845.JPG,DJI_0921.JPG,0,0,3
DJI_0845.JPG,DJI_0925.JPG,0,0,1
DJI_0845.JPG,DJI_0927.JPG,0,0,1
DJI_0845.JPG,DJI_0966.JPG,0,0,2
DJI_0845.JPG,DJI_0967.JPG,1,39,53
DJI_0845.JPG,DJI_0968.JPG,1,94,109
DJI_0847.JPG,DJI_0848.JPG,1,1062,1081
DJI_0847.JPG,DJI_0849.JPG,1,374,440
DJI_0847.JPG,DJI_0852.JPG,1,306,365
DJI_0847.JPG,DJI_0859.JPG,1,528,586
DJI_0847.JPG,DJI_0860.JPG,1,276,335
DJI_0847.JPG,DJI_0862.JPG,1,260,306
DJI_0847.JPG,DJI_0863.JPG,0,0,138
DJI_0847.JPG,DJI_0865.JPG,0,0,2
DJI_0847.JPG,DJI_0869.JPG,0,0,1
DJI_0847.JPG,DJI_0905.JPG,0,0,1
DJI_0847.JPG,DJI_0906.JPG,0,0,1
DJI_0847.JPG,DJI_0907.JPG,0,0,6
DJI_0847.JPG,DJI_0909.JPG,0,0,102
DJI_0847.JPG,DJI_0921.JPG,1,153,197
DJI_0847.JPG,DJI_0925.JPG,0,0,22
DJI_0847.JPG,DJI_0966.JPG,0,0,104
DJI_0847.JPG,DJI_0967.JPG,1,306,348
DJI_0847.JPG,DJI_0968.JPG,1,373,385
DJI_0848.JPG,DJI_0849.JPG,1,1107,1115
DJI_0848.JPG,DJI_0852.JPG,1,462,552
DJI_0848.JPG,DJI_0859.JPG,1,897,952
DJI_0848.JPG,DJI_0860.JPG,1,358,457
DJI_0848.JPG,DJI_0862.JPG,1,447,520
DJI_0848.JPG,DJI_0863.JPG,1,154,251
DJI_0848.JPG,DJI_0864.JPG,0,0,74
DJI_0848.JPG,DJI_0865.JPG,0,0,111
DJI_0848.JPG,DJI_0867.JPG,0,0,1
DJI_0848.JPG,DJI_0869.JPG,0,0,4
DJI_0848.JPG,DJI_0872.JPG,0,0,1
DJI_0848.JPG,DJI_0904.JPG,0,0,1
DJI_0848.JPG,DJI_0905.JPG,0,0,3
DJI_0848.JPG,DJI_0906.JPG,0,0,2
DJI_0848.JPG,DJI_0907.JPG,0,0,146
DJI_0848.JPG,DJI_0909.JPG,1,252,315
DJI_0848.JPG,DJI_0921.JPG,1,313,404
DJI_0848.JPG,DJI_0925.JPG,1,109,169
DJI_0848.JPG,DJI_0927.JPG,0,0,24
DJI_0848.JPG,DJI_0929.JPG,0,0,1
DJI_0848.JPG,DJI_0965.JPG,0,0,4
DJI_0848.JPG,DJI_0966.JPG,0,0,196
DJI_0848.JPG,DJI_0967.JPG,1,425,488
DJI_0848.JPG,DJI_0968.JPG,1,296,333
DJI_0848.JPG,DJI_0101.JPG,0,0,1
DJI_0849.JPG,DJI_0852.JPG,1,801,915
DJI_0849.JPG,DJI_0859.JPG,1,482,552
DJI_0849.JPG,DJI_0860.JPG,1,264,355
DJI_0849.JPG,DJI_0862.JPG,1,594,655
DJI_0849.JPG,DJI_0863.JPG,1,454,564
DJI_0849.JPG,DJI_0864.JPG,1,131,250
DJI_0849.JPG,DJI_0865.JPG,0,0,290
DJI_0849.JPG,DJI_0867.JPG,0,0,70
DJI_0849.JPG,DJI_0869.JPG,0,0,4
DJI_0849.JPG,DJI_0872.JPG,0,0,2
DJI_0849.JPG,DJI_0904.JPG,0,0,1
DJI_0849.JPG,DJI_0905.JPG,0,0,3
DJI_0849.JPG,DJI_0906.JPG,0,0,57
DJI_0849.JPG,DJI_0907.JPG,1,277,367
DJI_0849.JPG,DJI_0909.JPG,1,659,729
DJI_0849.JPG,DJI_0921.JPG,1,855,936
DJI_0849.JPG,DJI_0925.JPG,1,344,451
DJI_0849.JPG,DJI_0927.JPG,1,150,208
DJI_0849.JPG,DJI_0929.JPG,0,0,4
DJI_0849.JPG,DJI_0965.JPG,0,0,82
DJI_0849.JPG,DJI_0966.JPG,1,346,450
DJI_0849.JPG,DJI_0967.JPG,1,523,663
DJI_0849.JPG,DJI_0968.JPG,1,253,280
DJI_0849.JPG,DJI_0101.JPG,0,0,2
DJI_0852.JPG,DJI_0859.JPG,1,321,370
DJI_0852.JPG,DJI_0860.JPG,0,0,236
DJI_0852.JPG,DJI_0862.JPG,0,0,308
DJI_0852.JPG,DJI_0863.JPG,1,239,288
DJI_0852.JPG,DJI_0864.JPG,0,0,59
DJI_0852.JPG,DJI_0865.JPG,0,0,49
DJI_0852.JPG,DJI_0867.JPG,0,0,9
DJI_0852.JPG,DJI_0869.JPG,0,0,1
DJI_0852.JPG,DJI_0905.JPG,0,0,1
DJI_0852.JPG,DJI_0906.JPG,0,0,14
DJI_0852.JPG,DJI_0907.JPG,1,37,85
DJI_0852.JPG,DJI_0909.JPG,1,240,333
DJI_0852.JPG,DJI_0921.JPG,1,652,770
DJI_0852.JPG,DJI_0925.JPG,1,217,305
DJI_0852.JPG,DJI_0927.JPG,0,0,83
DJI_0852.JPG,DJI_0965.JPG,1,81,96
DJI_0852.JPG,DJI_0966.JPG,1,551,586
DJI_0852.JPG,DJI_0967.JPG,1,936,987
DJI_0852.JPG,DJI_0968.JPG,1,234,284
DJI_0859.JPG,DJI_0860.JPG,1,949,969
DJI_0859.JPG,DJI_0862.JPG,1,606,705
DJI_0859.JPG,DJI_0863.JPG,1,361,428
DJI_0859.JPG,DJI_0864.JPG,0,0,132
DJI_0859.JPG,DJI_0865.JPG,0,0,99
DJI_0859.JPG,DJI_0867.JPG,0,0,1
DJI_0859.JPG,DJI_0869.JPG,0,0,4
DJI_0859.JPG,DJI_0872.JPG,0,0,1
DJI_0859.JPG,DJI_0904.JPG,0,0,1
DJI_0859.JPG,DJI_0905.JPG,0,0,3
DJI_0859.JPG,DJI_0906.JPG,0,0,2
DJI_0859.JPG,DJI_0907.JPG,0,0,106
DJI_0859.JPG,DJI_0909.JPG,1,194,298
DJI_0859.JPG,DJI_0921.JPG,1,137,207
DJI_0859.JPG,DJI_0925.JPG,0,0,62
DJI_0859.JPG,DJI_0927.JPG,0,0,12
DJI_0859.JPG,DJI_0929.JPG,0,0,1
DJI_0859.JPG,DJI_0965.JPG,0,0,2
DJI_0859.JPG,DJI_0966.JPG,0,0,105
DJI_0859.JPG,DJI_0967.JPG,1,208,273
DJI_0859.JPG,DJI_0968.JPG,1,143,190
DJI_0859.JPG,DJI_0101.JPG,0,0,1
DJI_0860.JPG,DJI_0862.JPG,1,847,935
DJI_0860.JPG,DJI_0863.JPG,1,353,454
DJI_0860.JPG,DJI_0864.JPG,0,0,88
DJI_0860.JPG,DJI_0865.JPG,0,0,77
DJI_0860.JPG,DJI_0867.JPG,0,0,2
DJI_0860.JPG,DJI_0869.JPG,0,0,1
DJI_0860.JPG,DJI_0907.JPG,0,0,75
DJI_0860.JPG,DJI_0909.JPG,1,209,292
DJI_0860.JPG,DJI_0921.JPG,0,0,148
DJI_0860.JPG,DJI_0925.JPG,0,0,36
DJI_0860.JPG,DJI_0927.JPG,0,0,11
DJI_0860.JPG,DJI_0929.JPG,0,0,1
DJI_0860.JPG,DJI_0965.JPG,0,0,1
DJI_0860.JPG,DJI_0966.JPG,0,0,58
DJI_0860.JPG,DJI_0967.JPG,0,0,194
DJI_0860.JPG,DJI_0968.JPG,0,0,150
DJI_0862.JPG,DJI_0863.JPG,1,852,965
DJI_0862.JPG,DJI_0864.JPG,1,257,380
DJI_0862.JPG,DJI_0865.JPG,1,245,368
DJI_0862.JPG,DJI_0867.JPG,0,0,32
DJI_0862.JPG,DJI_0869.JPG,0,0,3
DJI_0862.JPG,DJI_0872.JPG,0,0,1
DJI_0862.JPG,DJI_0905.JPG,0,0,1
DJI_0862.JPG,DJI_0906.JPG,0,0,14
DJI_0862.JPG,DJI_0907.JPG,0,0,285
DJI_0862.JPG,DJI_0909.JPG,1,548,662
DJI_0862.JPG,DJI_0921.JPG,1,188,282
DJI_0862.JPG,DJI_0925.JPG,0,0,143
DJI_0862.JPG,DJI_0927.JPG,0,0,84
DJI_0862.JPG,DJI_0929.JPG,0,0,1
DJI_0862.JPG,DJI_0965.JPG,0,0,9
DJI_0862.JPG,DJI_0966.JPG,0,0,101
DJI_0862.JPG,DJI_0967.JPG,0,0,260
DJI_0862.JPG,DJI_0968.JPG,0,0,154
DJI_0862.JPG,DJI_0101.JPG,0,0,1
DJI_0863.JPG,DJI_0864.JPG,1,1390,1480
DJI_0863.JPG,DJI_0865.JPG,1,858,1090
DJI_0863.JPG,DJI_0867.JPG,0,0,465
DJI_0863.JPG,DJI_0869.JPG,0,0,5
DJI_0863.JPG,DJI_0872.JPG,0,0,2
DJI_0863.JPG,DJI_0904.JPG,0,0,2
DJI_0863.JPG,DJI_0905.JPG,0,0,2
DJI_0863.JPG,DJI_0906.JPG,0,0,345
DJI_0863.JPG,DJI_0907.JPG,1,561,777
DJI_0863.JPG,DJI_0909.JPG,1,1036,1190
DJI_0863.JPG,DJI_0921.JPG,1,331,467
DJI_0863.JPG,DJI_0925.JPG,1,229,358
DJI_0863.JPG,DJI_0927.JPG,0,0,308
DJI_0863.JPG,DJI_0929.JPG,0,0,172
DJI_0863.JPG,DJI_0933.JPG,0,0,1
DJI_0863.JPG,DJI_0936.JPG,0,0,1
DJI_0863.JPG,DJI_0941.JPG,0,0,1
DJI_0863.JPG,DJI_0961.JPG,0,0,1
DJI_0863.JPG,DJI_0962.JPG,0,0,1
DJI_0863.JPG,DJI_0963.JPG,0,0,1
DJI_0863.JPG,DJI_0964.JPG,0,0,20
DJI_0863.JPG,DJI_0965.JPG,0,0,61
DJI_0863.JPG,DJI_0966.JPG,0,0,136
DJI_0863.JPG,DJI_0967.JPG,0,0,207
DJI_0863.JPG,DJI_0968.JPG,0,0,127
DJI_0863.JPG,DJI_0074.JPG,0,0,1
DJI_0863.JPG,DJI_0076.JPG,0,0,1
DJI_0863.JPG,DJI_0101.JPG,0,0,2
DJI_0864.JPG,DJI_0865.JPG,1,2224,2357
DJI_0864.JPG,DJI_0867.JPG,1,724,1100
DJI_0864.JPG,DJI_0869.JPG,0,0,312
DJI_0864.JPG,DJI_0872.JPG,0,0,2
DJI_0864.JPG,DJI_0903.JPG,0,0,1
DJI_0864.JPG,DJI_0904.JPG,0,0,3
DJI_0864.JPG,DJI_0905.JPG,0,0,163
DJI_0864.JPG,DJI_0906.JPG,1,463,801
DJI_0864.JPG,DJI_0907.JPG,1,1074,1406
DJI_0864.JPG,DJI_0909.JPG,1,982,1228
DJI_0864.JPG,DJI_0921.JPG,1,183,343
DJI_0864.JPG,DJI_0925.JPG,1,296,564
DJI_0864.JPG,DJI_0927.JPG,1,204,528
DJI_0864.JPG,DJI_0929.JPG,0,0,375
DJI_0864.JPG,DJI_0931.JPG,0,0,96
DJI_0864.JPG,DJI_0933.JPG,0,0,2
DJI_0864.JPG,DJI_0936.JPG,0,0,2
DJI_0864.JPG,DJI_0941.JPG,0,0,1
DJI_0864.JPG,DJI_0961.JPG,0,0,1
DJI_0864.JPG,DJI_0962.JPG,0,0,2
DJI_0864.JPG,DJI_0963.JPG,0,0,2
DJI_0864.JPG,DJI_0964.JPG,0,0,95
DJI_0864.JPG,DJI_0965.JPG,0,0,130
DJI_0864.JPG,DJI_0966.JPG,0,0,131
DJI_0864.JPG,DJI_0967.JPG,0,0,25
DJI_0864.JPG,DJI_0074.JPG,0,0,5
DJI_0864.JPG,DJI_0076.JPG,0,0,2
DJI_0864.JPG,DJI_0101.JPG,0,0,2
DJI_0865.JPG,DJI_0867.JPG,1,2034,2352
DJI_0865.JPG,DJI_0869.JPG,0,0,970
DJI_0865.JPG,DJI_0872.JPG,0,0,90
DJI_0865.JPG,DJI_0903.JPG,0,0,1
DJI_0865.JPG,DJI_0904.JPG,0,0,7
DJI_0865.JPG,DJI_0905.JPG,0,0,626
DJI_0865.JPG,DJI_0906.JPG,1,1335,1694
DJI_0865.JPG,DJI_0907.JPG,1,2212,2454
DJI_0865.JPG,DJI_0909.JPG,1,1182,1431
DJI_0865.JPG,DJI_0921.JPG,0,0,494
DJI_0865.JPG,DJI_0925.JPG,1,720,1040
DJI_0865.JPG,DJI_0927.JPG,1,645,1085
DJI_0865.JPG,DJI_0929.JPG,1,429,852
DJI_0865.JPG,DJI_0931.JPG,0,0,398
DJI_0865.JPG,DJI_0933.JPG,0,0,52
DJI_0865.JPG,DJI_0936.JPG,0,0,2
DJI_0865.JPG,DJI_0941.JPG,0,0,1
DJI_0865.JPG,DJI_0961.JPG,0,0,1
DJI_0865.JPG,DJI_0962.JPG,0,0,2
DJI_0865.JPG,DJI_0963.JPG,0,0,31
DJI_0865.JPG,DJI_0964.JPG,0,0,218
DJI_0865.JPG,DJI_0965.JPG,0,0,238
DJI_0865.JPG,DJI_0966.JPG,0,0,168
DJI_0865.JPG,DJI_0967.JPG,0,0,35
DJI_0865.JPG,DJI_0968.JPG,0,0,1
DJI_0865.JPG,DJI_0074.JPG,0,0,86
DJI_0865.JPG,DJI_0076.JPG,0,0,2
DJI_0865.JPG,DJI_0101.JPG,0,0,28
DJI_0867.JPG,DJI_0869.JPG,1,2513,2697
DJI_0867.JPG,DJI_0872.JPG,1,676,1047
DJI_0867.JPG,DJI_0878.JPG,0,0,40
DJI_0867.JPG,DJI_0903.JPG,0,0,1
DJI_0867.JPG,DJI_0904.JPG,0,0,544
DJI_0867.JPG,DJI_0905.JPG,1,1485,1819
DJI_0867.JPG,DJI_0906.JPG,1,3203,3332
DJI_0867.JPG,DJI_0907.JPG,1,1660,1875
DJI_0867.JPG,DJI_0909.JPG,1,584,833
DJI_0867.JPG,DJI_0921.JPG,0,0,330
DJI_0867.JPG,DJI_0925.JPG,0,0,871
DJI_0867.JPG,DJI_0927.JPG,1,948,1343
DJI_0867.JPG,DJI_0929.JPG,1,1225,1698
DJI_0867.JPG,DJI_0931.JPG,1,636,1124
DJI_0867.JPG,DJI_0933.JPG,0,0,549
DJI_0867.JPG,DJI_0936.JPG,0,0,1
DJI_0867.JPG,DJI_0962.JPG,0,0,18
DJI_0867.JPG,DJI_0963.JPG,0,0,246
DJI_0867.JPG,DJI_0964.JPG,0,0,507
DJI_0867.JPG,DJI_0965.JPG,0,0,340
DJI_0867.JPG,DJI_0966.JPG,0,0,127
DJI_0867.JPG,DJI_0967.JPG,0,0,2
DJI_0867.JPG,DJI_0074.JPG,0,0,516
DJI_0867.JPG,DJI_0076.JPG,0,0,155
DJI_0867.JPG,DJI_0101.JPG,0,0,664
DJI_0869.JPG,DJI_0872.JPG,1,2353,2587
DJI_0869.JPG,DJI_0878.JPG,0,0,828
DJI_0869.JPG,DJI_0880.JPG,0,0,109
DJI_0869.JPG,DJI_0881.JPG,0,0,1
DJI_0869.JPG,DJI_0882.JPG,0,0,1
DJI_0869.JPG,DJI_0902.JPG,0,0,1
DJI_0869.JPG,DJI_0903.JPG,0,0,393
DJI_0869.JPG,DJI_0904.JPG,1,1037,1435
DJI_0869.JPG,DJI_0905.JPG,1,2580,2813
DJI_0869.JPG,DJI_0906.JPG,1,1599,1851
DJI_0869.JPG,DJI_0907.JPG,1,539,780
DJI_0869.JPG,DJI_0909.JPG,0,0,148
DJI_0869.JPG,DJI_0921.JPG,0,0,55
DJI_0869.JPG,DJI_0925.JPG,0,0,363
DJI_0869.JPG,DJI_0927.JPG,1,474,757
DJI_0869.JPG,DJI_0929.JPG,1,1039,1406
DJI_0869.JPG,DJI_0931.JPG,1,1452,1912
DJI_0869.JPG,DJI_0933.JPG,1,828,1296
DJI_0869.JPG,DJI_0936.JPG,0,0,294
DJI_0869.JPG,DJI_0941.JPG,0,0,1
DJI_0869.JPG,DJI_0961.JPG,0,0,1
DJI_0869.JPG,DJI_0962.JPG,0,0,216
DJI_0869.JPG,DJI_0963.JPG,0,0,467
DJI_0869.JPG,DJI_0964.JPG,0,0,509
DJI_0869.JPG,DJI_0965.JPG,0,0,177
DJI_0869.JPG,DJI_0966.JPG,0,0,40
DJI_0869.JPG,DJI_0967.JPG,0,0,1
DJI_0869.JPG,DJI_0074.JPG,0,0,949
DJI_0869.JPG,DJI_0076.JPG,0,0,551
DJI_0869.JPG,DJI_0101.JPG,1,979,1530
DJI_0872.JPG,DJI_0878.JPG,1,1843,2243
DJI_0872.JPG,DJI_0880.JPG,1,477,853
DJI_0872.JPG,DJI_0881.JPG,1,194,413
DJI_0872.JPG,DJI_0882.JPG,0,0,46
DJI_0872.JPG,DJI_0902.JPG,0,0,224
DJI_0872.JPG,DJI_0903.JPG,1,843,1281
DJI_0872.JPG,DJI_0904.JPG,1,2526,2769
DJI_0872.JPG,DJI_0905.JPG,1,1923,2252
DJI_0872.JPG,DJI_0906.JPG,1,557,825
DJI_0872.JPG,DJI_0907.JPG,0,0,43
DJI_0872.JPG,DJI_0909.JPG,0,0,2
DJI_0872.JPG,DJI_0925.JPG,0,0,8
DJI_0872.JPG,DJI_0927.JPG,0,0,245
DJI_0872.JPG,DJI_0929.JPG,0,0,783
DJI_0872.JPG,DJI_0931.JPG,1,1391,1812
DJI_0872.JPG,DJI_0933.JPG,1,1781,2213
DJI_0872.JPG,DJI_0936.JPG,0,0,802
DJI_0872.JPG,DJI_0941.JPG,0,0,139
DJI_0872.JPG,DJI_0960.JPG,0,0,1
DJI_0872.JPG,DJI_0961.JPG,0,0,148
DJI_0872.JPG,DJI_0962.JPG,0,0,481
DJI_0872.JPG,DJI_0963.JPG,0,0,728
DJI_0872.JPG,DJI_0964.JPG,0,0,363
DJI_0872.JPG,DJI_0965.JPG,0,0,62
DJI_0872.JPG,DJI_0997.JPG,0,0,45
DJI_0872.JPG,DJI_0022.JPG,0,0,95
DJI_0872.JPG,DJI_0074.JPG,0,0,1347
DJI_0872.JPG,DJI_0076.JPG,0,0,955
DJI_0872.JPG,DJI_0101.JPG,1,2478,2814
DJI_0878.JPG,DJI_0880.JPG,1,2514,2707
DJI_0878.JPG,DJI_0881.JPG,1,1396,1794
DJI_0878.JPG,DJI_0882.JPG,1,512,862
DJI_0878.JPG,DJI_0883.JPG,0,0,304
DJI_0878.JPG,DJI_0892.JPG,0,0,220
DJI_0878.JPG,DJI_0893.JPG,0,0,153
DJI_0878.JPG,DJI_0894.JPG,0,0,144
DJI_0878.JPG,DJI_0898.JPG,0,0,269
DJI_0878.JPG,DJI_0901.JPG,0,0,431
DJI_0878.JPG,DJI_0902.JPG,1,811,1147
DJI_0878.JPG,DJI_0903.JPG,1,2246,2554
DJI_0878.JPG,DJI_0904.JPG,1,1943,2330
DJI_0878.JPG,DJI_0905.JPG,1,448,850
DJI_0878.JPG,DJI_0906.JPG,0,0,13
DJI_0878.JPG,DJI_0929.JPG,0,0,141
DJI_0878.JPG,DJI_0931.JPG,0,0,813
DJI_0878.JPG,DJI_0933.JPG,0,0,1408
DJI_0878.JPG,DJI_0936.JPG,1,1173,1537
DJI_0878.JPG,DJI_0941.JPG,0,0,659
DJI_0878.JPG,DJI_0942.JPG,0,0,400
DJI_0878.JPG,DJI_0946.JPG,0,0,1
DJI_0878.JPG,DJI_0960.JPG,0,0,181
DJI_0878.JPG,DJI_0961.JPG,0,0,434
DJI_0878.JPG,DJI_0962.JPG,0,0,715
DJI_0878.JPG,DJI_0963.JPG,0,0,399
DJI_0878.JPG,DJI_0964.JPG,0,0,88
DJI_0878.JPG,DJI_0997.JPG,0,0,736
DJI_0878.JPG,DJI_0022.JPG,1,457,800
DJI_0878.JPG,DJI_0074.JPG,0,0,810
DJI_0878.JPG,DJI_0076.JPG,0,0,1035
DJI_0878.JPG,DJI_0101.JPG,1,3028,3213
DJI_0880.JPG,DJI_0881.JPG,1,3737,3766
DJI_0880.JPG,DJI_0882.JPG,1,1727,2081
DJI_0880.JPG,DJI_0883.JPG,1,574,992
DJI_0880.JPG,DJI_0892.JPG,1,481,755
DJI_0880.JPG,DJI_0893.JPG,0,0,614
DJI_0880.JPG,DJI_0894.JPG,0,0,524
DJI_0880.JPG,DJI_0898.JPG,0,0,718
DJI_0880.JPG,DJI_0901.JPG,1,743,1049
DJI_0880.JPG,DJI_0902.JPG,1,1675,1925
DJI_0880.JPG,DJI_0903.JPG,1,2147,2426
DJI_0880.JPG,DJI_0904.JPG,0,0,1148
DJI_0880.JPG,DJI_0905.JPG,0,0,186
DJI_0880.JPG,DJI_0931.JPG,0,0,197
DJI_0880.JPG,DJI_0933.JPG,0,0,615
DJI_0880.JPG,DJI_0936.JPG,0,0,1369
DJI_0880.JPG,DJI_0941.JPG,0,0,1021
DJI_0880.JPG,DJI_0942.JPG,0,0,751
DJI_0880.JPG,DJI_0946.JPG,0,0,142
DJI_0880.JPG,DJI_0947.JPG,0,0,7
DJI_0880.JPG,DJI_0957.JPG,0,0,5
DJI_0880.JPG,DJI_0958.JPG,0,0,28
DJI_0880.JPG,DJI_0960.JPG,0,0,287
DJI_0880.JPG,DJI_0961.JPG,0,0,477
DJI_0880.JPG,DJI_0962.JPG,0,0,446
DJI_0880.JPG,DJI_0963.JPG,0,0,171
DJI_0880.JPG,DJI_0964.JPG,0,0,1
DJI_0880.JPG,DJI_0997.JPG,1,896,1310
DJI_0880.JPG,DJI_0001.JPG,0,0,235
DJI_0880.JPG,DJI_0002.JPG,0,0,86
DJI_0880.JPG,DJI_0003.JPG,0,0,1
DJI_0880.JPG,DJI_0006.JPG,0,0,24
DJI_0880.JPG,DJI_0022.JPG,1,974,1355
DJI_0880.JPG,DJI_0074.JPG,0,0,331
DJI_0880.JPG,DJI_0076.JPG,0,0,602
DJI_0880.JPG,DJI_0101.JPG,1,1733,2078
DJI_0881.JPG,DJI_0882.JPG,1,2990,3095
DJI_0881.JPG,DJI_0883.JPG,1,1196,1660
DJI_0881.JPG,DJI_0892.JPG,1,940,1284
DJI_0881.JPG,DJI_0893.JPG,1,713,1070
DJI_0881.JPG,DJI_0894.JPG,0,0,852
DJI_0881.JPG,DJI_0898.JPG,0,0,1148
DJI_0881.JPG,DJI_0901.JPG,1,1207,1530
DJI_0881.JPG,DJI_0902.JPG,1,2197,2438
DJI_0881.JPG,DJI_0903.JPG,1,1495,1850
DJI_0881.JPG,DJI_0904.JPG,0,0,738
DJI_0881.JPG,DJI_0905.JPG,0,0,1
DJI_0881.JPG,DJI_0931.JPG,0,0,8
DJI_0881.JPG,DJI_0933.JPG,0,0,340
DJI_0881.JPG,DJI_0936.JPG,0,0,1093
DJI_0881.JPG,DJI_0941.JPG,0,0,1322
DJI_0881.JPG,DJI_0942.JPG,0,0,1040
DJI_0881.JPG,DJI_0946.JPG,0,0,359
DJI_0881.JPG,DJI_0947.JPG,0,0,166
DJI_0881.JPG,DJI_0957.JPG,0,0,104
DJI_0881.JPG,DJI_0958.JPG,0,0,92
DJI_0881.JPG,DJI_0960.JPG,0,0,344
DJI_0881.JPG,DJI_0961.JPG,0,0,494
DJI_0881.JPG,DJI_0962.JPG,0,0,304
DJI_0881.JPG,DJI_0963.JPG,0,0,71
DJI_0881.JPG,DJI_0964.JPG,0,0,1
DJI_0881.JPG,DJI_0997.JPG,1,1380,1776
DJI_0881.JPG,DJI_0001.JPG,0,0,519
DJI_0881.JPG,DJI_0002.JPG,0,0,319
DJI_0881.JPG,DJI_0003.JPG,0,0,106
DJI_0881.JPG,DJI_0006.JPG,0,0,140
DJI_0881.JPG,DJI_0022.JPG,1,1431,1800
DJI_0881.JPG,DJI_0074.JPG,0,0,156
DJI_0881.JPG,DJI_0076.JPG,0,0,400
DJI_0881.JPG,DJI_0101.JPG,1,1096,1512
DJI_0882.JPG,DJI_0883.JPG,1,2411,2658
DJI_0882.JPG,DJI_0892.JPG,1,1692,1935
DJI_0882.JPG,DJI_0893.JPG,1,1177,1566
DJI_0882.JPG,DJI_0894.JPG,0,0,1213
DJI_0882.JPG,DJI_0898.JPG,1,1166,1595
DJI_0882.JPG,DJI_0901.JPG,1,1730,2033
DJI_0882.JPG,DJI_0902.JPG,1,1693,2087
DJI_0882.JPG,DJI_0903.JPG,1,704,1068
DJI_0882.JPG,DJI_0904.JPG,0,0,249
DJI_0882.JPG,DJI_0905.JPG,0,0,1
DJI_0882.JPG,DJI_0931.JPG,0,0,1
DJI_0882.JPG,DJI_0933.JPG,0,0,59
DJI_0882.JPG,DJI_0936.JPG,0,0,666
DJI_0882.JPG,DJI_0941.JPG,0,0,1140
DJI_0882.JPG,DJI_0942.JPG,0,0,1234
DJI_0882.JPG,DJI_0946.JPG,0,0,531
DJI_0882.JPG,DJI_0947.JPG,0,0,303
DJI_0882.JPG,DJI_0957.JPG,0,0,147
DJI_0882.JPG,DJI_0958.JPG,0,0,109
DJI_0882.JPG,DJI_0960.JPG,0,0,310
DJI_0882.JPG,DJI_0961.JPG,0,0,313
DJI_0882.JPG,DJI_0962.JPG,0,0,160
DJI_0882.JPG,DJI_0963.JPG,0,0,1
DJI_0882.JPG,DJI_0964.JPG,0,0,1
DJI_0882.JPG,DJI_0997.JPG,1,1494,1998
DJI_0882.JPG,DJI_0001.JPG,0,0,825
DJI_0882.JPG,DJI_0002.JPG,0,0,573
DJI_0882.JPG,DJI_0003.JPG,1,90,302
DJI_0882.JPG,DJI_0006.JPG,1,92,314
DJI_0882.JPG,DJI_0022.JPG,1,1486,1902
DJI_0882.JPG,DJI_0074.JPG,0,0,1
DJI_0882.JPG,DJI_0076.JPG,0,0,196
DJI_0882.JPG,DJI_0101.JPG,0,0,840
DJI_0883.JPG,DJI_0892.JPG,1,2286,2508
DJI_0883.JPG,DJI_0893.JPG,1,1657,1965
DJI_0883.JPG,DJI_0894.JPG,0,0,1566
DJI_0883.JPG,DJI_0898.JPG,1,1434,1884
DJI_0883.JPG,DJI_0901.JPG,1,1781,2123
DJI_0883.JPG,DJI_0902.JPG,1,973,1426
DJI_0883.JPG,DJI_0903.JPG,0,0,522
DJI_0883.JPG,DJI_0936.JPG,0,0,365
DJI_0883.JPG,DJI_0941.JPG,0,0,915
DJI_0883.JPG,DJI_0942.JPG,0,0,1131
DJI_0883.JPG,DJI_0946.JPG,0,0,824
DJI_0883.JPG,DJI_0947.JPG,0,0,590
DJI_0883.JPG,DJI_0957.JPG,0,0,258
DJI_0883.JPG,DJI_0958.JPG,0,0,161
DJI_0883.JPG,DJI_0960.JPG,0,0,283
DJI_0883.JPG,DJI_0961.JPG,0,0,201
DJI_0883.JPG,DJI_0962.JPG,0,0,66
DJI_0883.JPG,DJI_0997.JPG,1,1214,1639
DJI_0883.JPG,DJI_0001.JPG,1,1027,1381
DJI_0883.JPG,DJI_0002.JPG,1,718,1083
DJI_0883.JPG,DJI_0003.JPG,1,414,751
DJI_0883.JPG,DJI_0006.JPG,1,293,650
DJI_0883.JPG,DJI_0022.JPG,1,1170,1582
DJI_0883.JPG,DJI_0076.JPG,0,0,54
DJI_0883.JPG,DJI_0101.JPG,0,0,372
DJI_0892.JPG,DJI_0893.JPG,1,3438,3546
DJI_0892.JPG,DJI_0894.JPG,1,2230,2630
DJI_0892.JPG,DJI_0898.JPG,1,2848,3159
DJI_0892.JPG,DJI_0901.JPG,1,3147,3289
DJI_0892.JPG,DJI_0902.JPG,1,1552,1876
DJI_0892.JPG,DJI_0903.JPG,0,0,539
DJI_0892.JPG,DJI_0936.JPG,0,0,427
DJI_0892.JPG,DJI_0941.JPG,0,0,1231
DJI_0892.JPG,DJI_0942.JPG,0,0,1741
DJI_0892.JPG,DJI_0946.JPG,0,0,1525
DJI_0892.JPG,DJI_0947.JPG,0,0,1069
DJI_0892.JPG,DJI_0957.JPG,0,0,629
DJI_0892.JPG,DJI_0958.JPG,0,0,529
DJI_0892.JPG,DJI_0960.JPG,0,0,818
DJI_0892.JPG,DJI_0961.JPG,0,0,497
DJI_0892.JPG,DJI_0962.JPG,0,0,106
DJI_0892.JPG,DJI_0997.JPG,1,1759,2121
DJI_0892.JPG,DJI_0001.JPG,1,1500,2005
DJI_0892.JPG,DJI_0002.JPG,1,957,1520
DJI_0892.JPG,DJI_0003.JPG,1,443,996
DJI_0892.JPG,DJI_0006.JPG,1,343,841
DJI_0892.JPG,DJI_0022.JPG,1,1963,2264
DJI_0892.JPG,DJI_0076.JPG,0,0,25
DJI_0892.JPG,DJI_0101.JPG,0,0,271
DJI_0893.JPG,DJI_0894.JPG,1,3661,3844
DJI_0893.JPG,DJI_0898.JPG,1,4282,4394
DJI_0893.JPG,DJI_0901.JPG,1,4355,4423
DJI_0893.JPG,DJI_0902.JPG,1,2016,2381
DJI_0893.JPG,DJI_0903.JPG,0,0,665
DJI_0893.JPG,DJI_0936.JPG,0,0,569
DJI_0893.JPG,DJI_0941.JPG,1,1385,1723
DJI_0893.JPG,DJI_0942.JPG,1,2085,2434
DJI_0893.JPG,DJI_0946.JPG,1,1900,2295
DJI_0893.JPG,DJI_0947.JPG,1,1123,1597
DJI_0893.JPG,DJI_0957.JPG,0,0,968
DJI_0893.JPG,DJI_0958.JPG,0,0,898
DJI_0893.JPG,DJI_0960.JPG,1,1108,1385
DJI_0893.JPG,DJI_0961.JPG,0,0,827
DJI_0893.JPG,DJI_0962.JPG,0,0,154
DJI_0893.JPG,DJI_0964.JPG,0,0,1
DJI_0893.JPG,DJI_0997.JPG,1,2396,2809
DJI_0893.JPG,DJI_0001.JPG,1,2328,2769
DJI_0893.JPG,DJI_0002.JPG,1,1307,1906
DJI_0893.JPG,DJI_0003.JPG,1,533,1134
DJI_0893.JPG,DJI_0006.JPG,1,432,988
DJI_0893.JPG,DJI_0022.JPG,1,2849,3094
DJI_0893.JPG,DJI_0076.JPG,0,0,5
DJI_0893.JPG,DJI_0101.JPG,0,0,226
DJI_0894.JPG,DJI_0898.JPG,1,4676,4748
DJI_0894.JPG,DJI_0901.JPG,1,3085,3378
DJI_0894.JPG,DJI_0902.JPG,1,1655,2053
DJI_0894.JPG,DJI_0903.JPG,0,0,666
DJI_0894.JPG,DJI_0933.JPG,0,0,1
DJI_0894.JPG,DJI_0936.JPG,0,0,765
DJI_0894.JPG,DJI_0941.JPG,1,2019,2362
DJI_0894.JPG,DJI_0942.JPG,1,3200,3409
DJI_0894.JPG,DJI_0946.JPG,1,3065,3314
DJI_0894.JPG,DJI_0947.JPG,1,1718,2154
DJI_0894.JPG,DJI_0957.JPG,1,970,1416
DJI_0894.JPG,DJI_0958.JPG,1,1009,1387
DJI_0894.JPG,DJI_0960.JPG,1,1689,1990
DJI_0894.JPG,DJI_0961.JPG,1,919,1193
DJI_0894.JPG,DJI_0962.JPG,0,0,221
DJI_0894.JPG,DJI_0964.JPG,0,0,1
DJI_0894.JPG,DJI_0997.JPG,1,2346,2756
DJI_0894.JPG,DJI_0001.JPG,1,2084,2608
DJI_0894.JPG,DJI_0002.JPG,1,1182,1799
DJI_0894.JPG,DJI_0003.JPG,1,512,1069
DJI_0894.JPG,DJI_0006.JPG,0,0,943
DJI_0894.JPG,DJI_0022.JPG,1,3082,3363
DJI_0894.JPG,DJI_0076.JPG,0,0,10
DJI_0894.JPG,DJI_0101.JPG,0,0,202
DJI_0898.JPG,DJI_0901.JPG,1,4107,4249
DJI_0898.JPG,DJI_0902.JPG,1,2329,2690
DJI_0898.JPG,DJI_0903.JPG,0,0,925
DJI_0898.JPG,DJI_0936.JPG,0,0,856
DJI_0898.JPG,DJI_0941.JPG,1,2025,2379
DJI_0898.JPG,DJI_0942.JPG,1,3064,3312
DJI_0898.JPG,DJI_0946.JPG,1,2285,2670
DJI_0898.JPG,DJI_0947.JPG,1,1216,1739
DJI_0898.JPG,DJI_0957.JPG,1,625,1095
DJI_0898.JPG,DJI_0958.JPG,0,0,1069
DJI_0898.JPG,DJI_0960.JPG,1,1582,1936
DJI_0898.JPG,DJI_0961.JPG,0,0,1212
DJI_0898.JPG,DJI_0962.JPG,0,0,298
DJI_0898.JPG,DJI_0964.JPG,0,0,1
DJI_0898.JPG,DJI_0997.JPG,1,2938,3267
DJI_0898.JPG,DJI_0001.JPG,1,2110,2645
DJI_0898.JPG,DJI_0002.JPG,1,1094,1775
DJI_0898.JPG,DJI_0003.JPG,0,0,1018
DJI_0898.JPG,DJI_0006.JPG,0,0,899
DJI_0898.JPG,DJI_0022.JPG,1,3626,3838
DJI_0898.JPG,DJI_0076.JPG,0,0,71
DJI_0898.JPG,DJI_0101.JPG,0,0,320
DJI_0901.JPG,DJI_0902.JPG,1,2992,3215
DJI_0901.JPG,DJI_0903.JPG,0,0,1158
DJI_0901.JPG,DJI_0904.JPG,0,0,12
DJI_0901.JPG,DJI_0936.JPG,0,0,941
DJI_0901.JPG,DJI_0941.JPG,1,1885,2181
DJI_0901.JPG,DJI_0942.JPG,1,2522,2856
DJI_0901.JPG,DJI_0946.JPG,1,1382,1876
DJI_0901.JPG,DJI_0947.JPG,1,734,1231
DJI_0901.JPG,DJI_0957.JPG,0,0,767
DJI_0901.JPG,DJI_0958.JPG,0,0,776
DJI_0901.JPG,DJI_0960.JPG,0,0,1562
DJI_0901.JPG,DJI_0961.JPG,0,0,1076
DJI_0901.JPG,DJI_0962.JPG,0,0,362
DJI_0901.JPG,DJI_0964.JPG,0,0,1
DJI_0901.JPG,DJI_0997.JPG,1,3267,3533
DJI_0901.JPG,DJI_0001.JPG,1,1683,2287
DJI_0901.JPG,DJI_0002.JPG,1,863,1540
DJI_0901.JPG,DJI_0003.JPG,1,307,847
DJI_0901.JPG,DJI_0006.JPG,0,0,729
DJI_0901.JPG,DJI_0022.JPG,1,3623,3796
DJI_0901.JPG,DJI_0076.JPG,0,0,205
DJI_0901.JPG,DJI_0101.JPG,0,0,474
DJI_0902.JPG,DJI_0903.JPG,1,2440,2672
DJI_0902.JPG,DJI_0904.JPG,0,0,759
DJI_0902.JPG,DJI_0905.JPG,0,0,1
DJI_0902.JPG,DJI_0929.JPG,0,0,1
DJI_0902.JPG,DJI_0931.JPG,0,0,1
DJI_0902.JPG,DJI_0933.JPG,0,0,382
DJI_0902.JPG,DJI_0936.JPG,1,1659,1926
DJI_0902.JPG,DJI_0941.JPG,1,3064,3326
DJI_0902.JPG,DJI_0942.JPG,1,2334,2638
DJI_0902.JPG,DJI_0946.JPG,1,624,1016
DJI_0902.JPG,DJI_0947.JPG,0,0,538
DJI_0902.JPG,DJI_0957.JPG,0,0,378
DJI_0902.JPG,DJI_0958.JPG,0,0,437
DJI_0902.JPG,DJI_0960.JPG,0,0,1342
DJI_0902.JPG,DJI_0961.JPG,0,0,1681
DJI_0902.JPG,DJI_0962.JPG,0,0,870
DJI_0902.JPG,DJI_0963.JPG,0,0,148
DJI_0902.JPG,DJI_0997.JPG,1,3412,3708
DJI_0902.JPG,DJI_0001.JPG,0,0,1277
DJI_0902.JPG,DJI_0002.JPG,0,0,733
DJI_0902.JPG,DJI_0003.JPG,0,0,259
DJI_0902.JPG,DJI_0006.JPG,0,0,229
DJI_0902.JPG,DJI_0022.JPG,1,3586,3735
DJI_0902.JPG,DJI_0074.JPG,0,0,165
DJI_0902.JPG,DJI_0076.JPG,0,0,755
DJI_0902.JPG,DJI_0101.JPG,1,756,1073
DJI_0903.JPG,DJI_0904.JPG,1,2276,2623
DJI_0903.JPG,DJI_0905.JPG,0,0,693
DJI_0903.JPG,DJI_0906.JPG,0,0,1
DJI_0903.JPG,DJI_0907.JPG,0,0,1
DJI_0903.JPG,DJI_0909.JPG,0,0,1
DJI_0903.JPG,DJI_0921.JPG,0,0,1
DJI_0903.JPG,DJI_0925.JPG,0,0,1
DJI_0903.JPG,DJI_0927.JPG,0,0,1
DJI_0903.JPG,DJI_0929.JPG,0,0,2
DJI_0903.JPG,DJI_0931.JPG,0,0,714
DJI_0903.JPG,DJI_0933.JPG,1,1230,1665
DJI_0903.JPG,DJI_0936.JPG,1,3511,3654
DJI_0903.JPG,DJI_0941.JPG,1,1603,1925
DJI_0903.JPG,DJI_0942.JPG,1,941,1273
DJI_0903.JPG,DJI_0946.JPG,0,0,119
DJI_0903.JPG,DJI_0960.JPG,0,0,736
DJI_0903.JPG,DJI_0961.JPG,0,0,1505
DJI_0903.JPG,DJI_0962.JPG,0,0,1708
DJI_0903.JPG,DJI_0963.JPG,0,0,807
DJI_0903.JPG,DJI_0964.JPG,0,0,114
DJI_0903.JPG,DJI_0965.JPG,0,0,1
DJI_0903.JPG,DJI_0966.JPG,0,0,1
DJI_0903.JPG,DJI_0997.JPG,1,1340,1784
DJI_0903.JPG,DJI_0001.JPG,0,0,151
DJI_0903.JPG,DJI_0002.JPG,0,0,6
DJI_0903.JPG,DJI_0022.JPG,1,1333,1726
DJI_0903.JPG,DJI_0074.JPG,0,0,1056
DJI_0903.JPG,DJI_0076.JPG,1,1512,1819
DJI_0903.JPG,DJI_0101.JPG,1,2319,2546
DJI_0904.JPG,DJI_0905.JPG,1,2132,2453
DJI_0904.JPG,DJI_0906.JPG,0,0,625
DJI_0904.JPG,DJI_0907.JPG,0,0,2
DJI_0904.JPG,DJI_0909.JPG,0,0,3
DJI_0904.JPG,DJI_0921.JPG,0,0,2
DJI_0904.JPG,DJI_0925.JPG,0,0,2
DJI_0904.JPG,DJI_0927.JPG,0,0,146
DJI_0904.JPG,DJI_0929.JPG,1,624,883
DJI_0904.JPG,DJI_0931.JPG,1,1887,2275
DJI_0904.JPG,DJI_0933.JPG,1,3548,3703
DJI_0904.JPG,DJI_0936.JPG,1,1453,1863
DJI_0904.JPG,DJI_0941.JPG,0,0,567
DJI_0904.JPG,DJI_0942.JPG,0,0,172
DJI_0904.JPG,DJI_0960.JPG,0,0,30
DJI_0904.JPG,DJI_0961.JPG,0,0,596
DJI_0904.JPG,DJI_0962.JPG,0,0,1306
DJI_0904.JPG,DJI_0963.JPG,1,1136,1471
DJI_0904.JPG,DJI_0964.JPG,0,0,560
DJI_0904.JPG,DJI_0965.JPG,0,0,68
DJI_0904.JPG,DJI_0966.JPG,0,0,2
DJI_0904.JPG,DJI_0997.JPG,0,0,347
DJI_0904.JPG,DJI_0022.JPG,0,0,325
DJI_0904.JPG,DJI_0074.JPG,1,1766,2157
DJI_0904.JPG,DJI_0076.JPG,1,1677,2086
DJI_0904.JPG,DJI_0101.JPG,1,2678,2934
DJI_0905.JPG,DJI_0906.JPG,1,2071,2262
DJI_0905.JPG,DJI_0907.JPG,1,433,715
DJI_0905.JPG,DJI_0909.JPG,0,0,35
DJI_0905.JPG,DJI_0921.JPG,0,0,22
DJI_0905.JPG,DJI_0925.JPG,0,0,404
DJI_0905.JPG,DJI_0927.JPG,1,680,926
DJI_0905.JPG,DJI_0929.JPG,1,1763,2020
DJI_0905.JPG,DJI_0931.JPG,1,3099,3376
DJI_0905.JPG,DJI_0933.JPG,1,2046,2393
DJI_0905.JPG,DJI_0936.JPG,0,0,517
DJI_0905.JPG,DJI_0941.JPG,0,0,1
DJI_0905.JPG,DJI_0961.JPG,0,0,6
DJI_0905.JPG,DJI_0962.JPG,0,0,463
DJI_0905.JPG,DJI_0963.JPG,1,647,1005
DJI_0905.JPG,DJI_0964.JPG,1,740,1001
DJI_0905.JPG,DJI_0965.JPG,0,0,295
DJI_0905.JPG,DJI_0966.JPG,0,0,38
DJI_0905.JPG,DJI_0967.JPG,0,0,1
DJI_0905.JPG,DJI_0074.JPG,1,1235,1703
DJI_0905.JPG,DJI_0076.JPG,0,0,943
DJI_0905.JPG,DJI_0101.JPG,1,1059,1552
DJI_0906.JPG,DJI_0907.JPG,1,1872,2009
DJI_0906.JPG,DJI_0909.JPG,1,618,813
DJI_0906.JPG,DJI_0921.JPG,1,272,357
DJI_0906.JPG,DJI_0925.JPG,1,872,999
DJI_0906.JPG,DJI_0927.JPG,1,1485,1644
DJI_0906.JPG,DJI_0929.JPG,1,1676,1965
DJI_0906.JPG,DJI_0931.JPG,1,949,1341
DJI_0906.JPG,DJI_0933.JPG,0,0,659
DJI_0906.JPG,DJI_0936.JPG,0,0,1
DJI_0906.JPG,DJI_0962.JPG,0,0,3
DJI_0906.JPG,DJI_0963.JPG,0,0,331
DJI_0906.JPG,DJI_0964.JPG,1,420,660
DJI_0906.JPG,DJI_0965.JPG,1,351,469
DJI_0906.JPG,DJI_0966.JPG,0,0,120
DJI_0906.JPG,DJI_0967.JPG,0,0,4
DJI_0906.JPG,DJI_0074.JPG,0,0,643
DJI_0906.JPG,DJI_0076.JPG,0,0,175
DJI_0906.JPG,DJI_0101.JPG,0,0,586
DJI_0907.JPG,DJI_0909.JPG,1,1761,1831
DJI_0907.JPG,DJI_0921.JPG,1,584,682
DJI_0907.JPG,DJI_0925.JPG,1,1286,1416
DJI_0907.JPG,DJI_0927.JPG,1,1014,1250
DJI_0907.JPG,DJI_0929.JPG,1,608,897
DJI_0907.JPG,DJI_0931.JPG,0,0,415
DJI_0907.JPG,DJI_0933.JPG,0,0,14
DJI_0907.JPG,DJI_0936.JPG,0,0,1
DJI_0907.JPG,DJI_0962.JPG,0,0,1
DJI_0907.JPG,DJI_0963.JPG,0,0,20
DJI_0907.JPG,DJI_0964.JPG,0,0,246
DJI_0907.JPG,DJI_0965.JPG,0,0,302
DJI_0907.JPG,DJI_0966.JPG,0,0,237
DJI_0907.JPG,DJI_0967.JPG,0,0,91
DJI_0907.JPG,DJI_0968.JPG,0,0,4
DJI_0907.JPG,DJI_0074.JPG,0,0,80
DJI_0907.JPG,DJI_0076.JPG,0,0,1
DJI_0907.JPG,DJI_0101.JPG,0,0,22
DJI_0909.JPG,DJI_0921.JPG,1,901,1018
DJI_0909.JPG,DJI_0925.JPG,1,622,776
DJI_0909.JPG,DJI_0927.JPG,1,371,575
DJI_0909.JPG,DJI_0929.JPG,1,165,308
DJI_0909.JPG,DJI_0931.JPG,0,0,1
DJI_0909.JPG,DJI_0933.JPG,0,0,2
DJI_0909.JPG,DJI_0936.JPG,0,0,2
DJI_0909.JPG,DJI_0941.JPG,0,0,1
DJI_0909.JPG,DJI_0961.JPG,0,0,1
DJI_0909.JPG,DJI_0962.JPG,0,0,2
DJI_0909.JPG,DJI_0963.JPG,0,0,2
DJI_0909.JPG,DJI_0964.JPG,0,0,56
DJI_0909.JPG,DJI_0965.JPG,0,0,124
DJI_0909.JPG,DJI_0966.JPG,1,231,321
DJI_0909.JPG,DJI_0967.JPG,0,0,326
DJI_0909.JPG,DJI_0968.JPG,0,0,122
DJI_0909.JPG,DJI_0074.JPG,0,0,2
DJI_0909.JPG,DJI_0076.JPG,0,0,2
DJI_0909.JPG,DJI_0101.JPG,0,0,1
DJI_0921.JPG,DJI_0925.JPG,1,1546,1579
DJI_0921.JPG,DJI_0927.JPG,1,689,840
DJI_0921.JPG,DJI_0929.JPG,1,140,219
DJI_0921.JPG,DJI_0931.JPG,0,0,3
DJI_0921.JPG,DJI_0933.JPG,0,0,3
DJI_0921.JPG,DJI_0936.JPG,0,0,2
DJI_0921.JPG,DJI_0941.JPG,0,0,1
DJI_0921.JPG,DJI_0961.JPG,0,0,1
DJI_0921.JPG,DJI_0962.JPG,0,0,2
DJI_0921.JPG,DJI_0963.JPG,0,0,2
DJI_0921.JPG,DJI_0964.JPG,0,0,72
DJI_0921.JPG,DJI_0965.JPG,1,359,474
DJI_0921.JPG,DJI_0966.JPG,1,1052,1125
DJI_0921.JPG,DJI_0967.JPG,1,651,726
DJI_0921.JPG,DJI_0968.JPG,0,0,180
DJI_0921.JPG,DJI_0074.JPG,0,0,3
DJI_0921.JPG,DJI_0076.JPG,0,0,2
DJI_0925.JPG,DJI_0927.JPG,1,1919,1988
DJI_0925.JPG,DJI_0929.JPG,1,587,737
DJI_0925.JPG,DJI_0931.JPG,0,0,325
DJI_0925.JPG,DJI_0933.JPG,0,0,8
DJI_0925.JPG,DJI_0936.JPG,0,0,2
DJI_0925.JPG,DJI_0941.JPG,0,0,1
DJI_0925.JPG,DJI_0961.JPG,0,0,1
DJI_0925.JPG,DJI_0962.JPG,0,0,2
DJI_0925.JPG,DJI_0963.JPG,0,0,21
DJI_0925.JPG,DJI_0964.JPG,1,235,376
DJI_0925.JPG,DJI_0965.JPG,1,740,851
DJI_0925.JPG,DJI_0966.JPG,1,665,777
DJI_0925.JPG,DJI_0967.JPG,1,229,275
DJI_0925.JPG,DJI_0968.JPG,0,0,9
DJI_0925.JPG,DJI_0074.JPG,0,0,88
DJI_0925.JPG,DJI_0076.JPG,0,0,2
DJI_0927.JPG,DJI_0929.JPG,1,1381,1501
DJI_0927.JPG,DJI_0931.JPG,1,590,812
DJI_0927.JPG,DJI_0933.JPG,0,0,288
DJI_0927.JPG,DJI_0936.JPG,0,0,1
DJI_0927.JPG,DJI_0962.JPG,0,0,1
DJI_0927.JPG,DJI_0963.JPG,0,0,160
DJI_0927.JPG,DJI_0964.JPG,1,393,543
DJI_0927.JPG,DJI_0965.JPG,1,732,889
DJI_0927.JPG,DJI_0966.JPG,1,297,424
DJI_0927.JPG,DJI_0967.JPG,0,0,63
DJI_0927.JPG,DJI_0074.JPG,1,234,357
DJI_0927.JPG,DJI_0076.JPG,0,0,5
DJI_0927.JPG,DJI_0101.JPG,0,0,173
DJI_0929.JPG,DJI_0931.JPG,1,2037,2201
DJI_0929.JPG,DJI_0933.JPG,1,935,1214
DJI_0929.JPG,DJI_0936.JPG,0,0,2
DJI_0929.JPG,DJI_0941.JPG,0,0,1
DJI_0929.JPG,DJI_0961.JPG,0,0,1
DJI_0929.JPG,DJI_0962.JPG,0,0,124
DJI_0929.JPG,DJI_0963.JPG,1,500,665
DJI_0929.JPG,DJI_0964.JPG,1,974,1121
DJI_0929.JPG,DJI_0965.JPG,1,426,521
DJI_0929.JPG,DJI_0966.JPG,0,0,107
DJI_0929.JPG,DJI_0074.JPG,1,1052,1201
DJI_0929.JPG,DJI_0076.JPG,0,0,426
DJI_0929.JPG,DJI_0101.JPG,0,0,650
DJI_0931.JPG,DJI_0933.JPG,1,2872,2997
DJI_0931.JPG,DJI_0936.JPG,1,374,664
DJI_0931.JPG,DJI_0941.JPG,0,0,1
DJI_0931.JPG,DJI_0961.JPG,0,0,38
DJI_0931.JPG,DJI_0962.JPG,0,0,621
DJI_0931.JPG,DJI_0963.JPG,1,1018,1335
DJI_0931.JPG,DJI_0964.JPG,1,970,1183
DJI_0931.JPG,DJI_0965.JPG,1,211,301
DJI_0931.JPG,DJI_0966.JPG,0,0,25
DJI_0931.JPG,DJI_0074.JPG,1,1976,2261
DJI_0931.JPG,DJI_0076.JPG,1,845,1249
DJI_0931.JPG,DJI_0101.JPG,1,939,1428
DJI_0933.JPG,DJI_0936.JPG,1,1276,1647
DJI_0933.JPG,DJI_0941.JPG,0,0,405
DJI_0933.JPG,DJI_0942.JPG,0,0,6
DJI_0933.JPG,DJI_0946.JPG,0,0,1
DJI_0933.JPG,DJI_0960.JPG,0,0,1
DJI_0933.JPG,DJI_0961.JPG,0,0,485
DJI_0933.JPG,DJI_0962.JPG,1,878,1276
DJI_0933.JPG,DJI_0963.JPG,1,1582,1883
DJI_0933.JPG,DJI_0964.JPG,1,540,785
DJI_0933.JPG,DJI_0965.JPG,0,0,110
DJI_0933.JPG,DJI_0966.JPG,0,0,3
DJI_0933.JPG,DJI_0997.JPG,0,0,89
DJI_0933.JPG,DJI_0022.JPG,0,0,103
DJI_0933.JPG,DJI_0074.JPG,1,2571,2820
DJI_0933.JPG,DJI_0076.JPG,1,1808,2180
DJI_0933.JPG,DJI_0101.JPG,1,1667,2045
DJI_0936.JPG,DJI_0941.JPG,1,2285,2461
DJI_0936.JPG,DJI_0942.JPG,1,1304,1599
DJI_0936.JPG,DJI_0946.JPG,0,0,171
DJI_0936.JPG,DJI_0958.JPG,0,0,12
DJI_0936.JPG,DJI_0960.JPG,1,654,944
DJI_0936.JPG,DJI_0961.JPG,1,1702,1955
DJI_0936.JPG,DJI_0962.JPG,1,1993,2184
DJI_0936.JPG,DJI_0963.JPG,0,0,952
DJI_0936.JPG,DJI_0964.JPG,0,0,114
DJI_0936.JPG,DJI_0965.JPG,0,0,2
DJI_0936.JPG,DJI_0966.JPG,0,0,2
DJI_0936.JPG,DJI_0997.JPG,1,1221,1574
DJI_0936.JPG,DJI_0001.JPG,0,0,138
DJI_0936.JPG,DJI_0006.JPG,0,0,1
DJI_0936.JPG,DJI_0022.JPG,1,1287,1584
DJI_0936.JPG,DJI_0074.JPG,1,929,1188
DJI_0936.JPG,DJI_0076.JPG,1,2024,2202
DJI_0936.JPG,DJI_0101.JPG,1,1334,1606
DJI_0941.JPG,DJI_0942.JPG,1,3865,3943
DJI_0941.JPG,DJI_0946.JPG,1,981,1416
DJI_0941.JPG,DJI_0947.JPG,0,0,715
DJI_0941.JPG,DJI_0957.JPG,0,0,579
DJI_0941.JPG,DJI_0958.JPG,1,390,675
DJI_0941.JPG,DJI_0960.JPG,1,1633,1966
DJI_0941.JPG,DJI_0961.JPG,1,2285,2462
DJI_0941.JPG,DJI_0962.JPG,1,1011,1208
DJI_0941.JPG,DJI_0963.JPG,0,0,197
DJI_0941.JPG,DJI_0964.JPG,0,0,1
DJI_0941.JPG,DJI_0965.JPG,0,0,1
DJI_0941.JPG,DJI_0966.JPG,0,0,1
DJI_0941.JPG,DJI_0997.JPG,1,2737,3027
DJI_0941.JPG,DJI_0001.JPG,0,0,1118
DJI_0941.JPG,DJI_0002.JPG,0,0,644
DJI_0941.JPG,DJI_0003.JPG,0,0,201
DJI_0941.JPG,DJI_0006.JPG,0,0,186
DJI_0941.JPG,DJI_0022.JPG,1,3101,3294
DJI_0941.JPG,DJI_0074.JPG,0,0,192
DJI_0941.JPG,DJI_0076.JPG,1,676,920
DJI_0941.JPG,DJI_0101.JPG,0,0,679
DJI_0942.JPG,DJI_0946.JPG,1,2011,2399
DJI_0942.JPG,DJI_0947.JPG,1,961,1416
DJI_0942.JPG,DJI_0957.JPG,1,673,1058
DJI_0942.JPG,DJI_0958.JPG,1,769,1115
DJI_0942.JPG,DJI_0960.JPG,1,2275,2639
DJI_0942.JPG,DJI_0961.JPG,1,1708,1924
DJI_0942.JPG,DJI_0962.JPG,0,0,725
DJI_0942.JPG,DJI_0964.JPG,0,0,1
DJI_0942.JPG,DJI_0997.JPG,1,2927,3290
DJI_0942.JPG,DJI_0001.JPG,0,0,1678
DJI_0942.JPG,DJI_0002.JPG,0,0,1061
DJI_0942.JPG,DJI_0003.JPG,0,0,514
DJI_0942.JPG,DJI_0006.JPG,0,0,449
DJI_0942.JPG,DJI_0022.JPG,1,3479,3692
DJI_0942.JPG,DJI_0076.JPG,0,0,451
DJI_0942.JPG,DJI_0101.JPG,0,0,445
DJI_0946.JPG,DJI_0947.JPG,1,3660,3758
DJI_0946.JPG,DJI_0957.JPG,1,2308,2650
DJI_0946.JPG,DJI_0958.JPG,1,2228,2502
DJI_0946.JPG,DJI_0960.JPG,1,1514,1703
DJI_0946.JPG,DJI_0961.JPG,0,0,644
DJI_0946.JPG,DJI_0997.JPG,1,1008,1465
DJI_0946.JPG,DJI_0001.JPG,1,1967,2402
DJI_0946.JPG,DJI_0002.JPG,1,1386,1821
DJI_0946.JPG,DJI_0003.JPG,1,637,1126
DJI_0946.JPG,DJI_0006.JPG,1,526,1000
DJI_0946.JPG,DJI_0022.JPG,1,1393,1836
DJI_0946.JPG,DJI_0101.JPG,0,0,5
DJI_0947.JPG,DJI_0957.JPG,1,2828,3045
DJI_0947.JPG,DJI_0958.JPG,1,2242,2474
DJI_0947.JPG,DJI_0960.JPG,1,902,1121
DJI_0947.JPG,DJI_0961.JPG,0,0,257
DJI_0947.JPG,DJI_0997.JPG,0,0,862
DJI_0947.JPG,DJI_0001.JPG,1,1583,1884
DJI_0947.JPG,DJI_0002.JPG,1,1657,1969
DJI_0947.JPG,DJI_0003.JPG,1,1081,1409
DJI_0947.JPG,DJI_0006.JPG,1,756,1105
DJI_0947.JPG,DJI_0022.JPG,0,0,1104
DJI_0957.JPG,DJI_0958.JPG,1,3994,4001
DJI_0957.JPG,DJI_0960.JPG,1,1202,1421
DJI_0957.JPG,DJI_0961.JPG,1,195,292
DJI_0957.JPG,DJI_0997.JPG,0,0,616
DJI_0957.JPG,DJI_0001.JPG,1,857,1220
DJI_0957.JPG,DJI_0002.JPG,1,1119,1411
DJI_0957.JPG,DJI_0003.JPG,1,762,1016
DJI_0957.JPG,DJI_0006.JPG,1,492,721
DJI_0957.JPG,DJI_0022.JPG,0,0,781
DJI_0958.JPG,DJI_0960.JPG,1,1817,1936
DJI_0958.JPG,DJI_0961.JPG,1,357,475
DJI_0958.JPG,DJI_0962.JPG,1,0,0
DJI_0958.JPG,DJI_0963.JPG,1,0,0
DJI_0958.JPG,DJI_0964.JPG,1,0,0
DJI_0958.JPG,DJI_0965.JPG,1,0,0
DJI_0958.JPG,DJI_0966.JPG,1,0,0
DJI_0958.JPG,DJI_0967.JPG,1,0,0
DJI_0958.JPG,DJI_0968.JPG,1,0,0
DJI_0958.JPG,DJI_0997.JPG,0,0,646
DJI_0958.JPG,DJI_0001.JPG,0,0,1094
DJI_0958.JPG,DJI_0002.JPG,1,771,1053
DJI_0958.JPG,DJI_0003.JPG,1,457,693
DJI_0958.JPG,DJI_0006.JPG,1,235,461
DJI_0958.JPG,DJI_0022.JPG,0,0,849
DJI_0958.JPG,DJI_0076.JPG,1,0,0
DJI_0960.JPG,DJI_0961.JPG,1,1909,2047
DJI_0960.JPG,DJI_0962.JPG,1,499,657
DJI_0960.JPG,DJI_0963.JPG,1,0,0
DJI_0960.JPG,DJI_0964.JPG,1,0,1
DJI_0960.JPG,DJI_0965.JPG,1,0,0
DJI_0960.JPG,DJI_0966.JPG,1,0,0
DJI_0960.JPG,DJI_0967.JPG,1,0,0
DJI_0960.JPG,DJI_0968.JPG,1,0,0
DJI_0960.JPG,DJI_0997.JPG,0,0,1700
DJI_0960.JPG,DJI_0001.JPG,0,0,1029
DJI_0960.JPG,DJI_0002.JPG,0,0,667
DJI_0960.JPG,DJI_0003.JPG,0,0,314
DJI_0960.JPG,DJI_0006.JPG,0,0,223
DJI_0960.JPG,DJI_0022.JPG,0,0,1986
DJI_0960.JPG,DJI_0074.JPG,1,0,0
DJI_0960.JPG,DJI_0076.JPG,1,187,288
DJI_0960.JPG,DJI_0101.JPG,0,0,197
DJI_0961.JPG,DJI_0962.JPG,1,1731,1866
DJI_0961.JPG,DJI_0963.JPG,1,253,417
DJI_0961.JPG,DJI_0964.JPG,1,0,3
DJI_0961.JPG,DJI_0965.JPG,1,0,1
DJI_0961.JPG,DJI_0966.JPG,1,0,1
DJI_0961.JPG,DJI_0967.JPG,1,0,0
DJI_0961.JPG,DJI_0968.JPG,1,0,0
DJI_0961.JPG,DJI_0997.JPG,0,0,1547
DJI_0961.JPG,DJI_0001.JPG,0,0,498
DJI_0961.JPG,DJI_0002.JPG,0,0,210
DJI_0961.JPG,DJI_0003.JPG,0,0,1
DJI_0961.JPG,DJI_0006.JPG,0,0,8
DJI_0961.JPG,DJI_0022.JPG,0,0,1607
DJI_0961.JPG,DJI_0074.JPG,0,0,353
DJI_0961.JPG,DJI_0076.JPG,1,865,1127
DJI_0961.JPG,DJI_0101.JPG,0,0,412
DJI_0962.JPG,DJI_0963.JPG,1,1211,1430
DJI_0962.JPG,DJI_0964.JPG,1,143,264
DJI_0962.JPG,DJI_0965.JPG,1,0,2
DJI_0962.JPG,DJI_0966.JPG,1,0,2
DJI_0962.JPG,DJI_0967.JPG,1,0,0
DJI_0962.JPG,DJI_0968.JPG,1,0,0
DJI_0962.JPG,DJI_0997.JPG,0,0,717
DJI_0962.JPG,DJI_0022.JPG,0,0,640
DJI_0962.JPG,DJI_0074.JPG,1,1009,1215
DJI_0962.JPG,DJI_0076.JPG,1,2226,2359
DJI_0962.JPG,DJI_0101.JPG,0,0,696
DJI_0963.JPG,DJI_0964.JPG,1,966,1086
DJI_0963.JPG,DJI_0965.JPG,1,112,163
DJI_0963.JPG,DJI_0966.JPG,1,0,2
DJI_0963.JPG,DJI_0967.JPG,1,0,0
DJI_0963.JPG,DJI_0968.JPG,1,0,0
DJI_0963.JPG,DJI_0997.JPG,0,0,5
DJI_0963.JPG,DJI_0022.JPG,0,0,6
DJI_0963.JPG,DJI_0074.JPG,1,2195,2314
DJI_0963.JPG,DJI_0076.JPG,1,1840,1949
DJI_0963.JPG,DJI_0101.JPG,0,0,629
DJI_0964.JPG,DJI_0965.JPG,1,742,787
DJI_0964.JPG,DJI_0966.JPG,1,83,130
DJI_0964.JPG,DJI_0967.JPG,1,0,0
DJI_0964.JPG,DJI_0968.JPG,1,0,0
DJI_0964.JPG,DJI_0022.JPG,0,0,1
DJI_0964.JPG,DJI_0074.JPG,1,895,1053
DJI_0964.JPG,DJI_0076.JPG,1,359,554
DJI_0964.JPG,DJI_0101.JPG,0,0,305
DJI_0965.JPG,DJI_0966.JPG,1,810,843
DJI_0965.JPG,DJI_0967.JPG,1,77,102
DJI_0965.JPG,DJI_0968.JPG,1,0,0
DJI_0965.JPG,DJI_0074.JPG,1,122,196
DJI_0965.JPG,DJI_0076.JPG,1,0,2
DJI_0965.JPG,DJI_0101.JPG,0,0,48
DJI_0966.JPG,DJI_0967.JPG,1,589,661
DJI_0966.JPG,DJI_0968.JPG,1,94,119
DJI_0966.JPG,DJI_0074.JPG,1,0,3
DJI_0966.JPG,DJI_0076.JPG,0,0,2
DJI_0967.JPG,DJI_0968.JPG,1,474,492
DJI_0967.JPG,DJI_0076.JPG,1,0,0
DJI_0997.JPG,DJI_0001.JPG,1,1501,1952
DJI_0997.JPG,DJI_0002.JPG,1,603,1115
DJI_0997.JPG,DJI_0003.JPG,0,0,506
DJI_0997.JPG,DJI_0006.JPG,0,0,405
DJI_0997.JPG,DJI_0022.JPG,1,4204,4387
DJI_0997.JPG,DJI_0074.JPG,0,0,9
DJI_0997.JPG,DJI_0076.JPG,0,0,551
DJI_0997.JPG,DJI_0101.JPG,0,0,791
DJI_0001.JPG,DJI_0002.JPG,1,3142,3306
DJI_0001.JPG,DJI_0003.JPG,1,1432,1867
DJI_0001.JPG,DJI_0006.JPG,1,973,1448
DJI_0001.JPG,DJI_0022.JPG,1,1488,2019
DJI_0001.JPG,DJI_0101.JPG,0,0,30
DJI_0002.JPG,DJI_0003.JPG,1,2803,2922
DJI_0002.JPG,DJI_0006.JPG,1,1803,2056
DJI_0002.JPG,DJI_0022.JPG,0,0,1260
DJI_0003.JPG,DJI_0006.JPG,1,2845,2864
DJI_0003.JPG,DJI_0022.JPG,0,0,613
DJI_0006.JPG,DJI_0022.JPG,0,0,527
DJI_0022.JPG,DJI_0074.JPG,0,0,22
DJI_0022.JPG,DJI_0076.JPG,0,0,435
DJI_0022.JPG,DJI_0101.JPG,0,0,826
DJI_0074.JPG,DJI_0076.JPG,1,2170,2299
DJI_0074.JPG,DJI_0101.JPG,0,0,1238
DJI_0076.JPG,DJI_0101.JPG,0,0,1212
