step,image,common_points,inliers,triangulated_points,bundle,ceres_final_cost,retriangulated_points,method
0,DJI_0903.JPG DJI_0936.JPG,3654,3654,3654,1,,,plane_based
1,DJI_0806.JPG,2255,2253,1844,1,141.6565,,
2,DJI_0807.JPG,2883,2879,2292,1,260.6192,7740,
3,DJI_0799.JPG,2916,2899,910,0,,,
4,DJI_0904.JPG,2918,2882,1247,1,502.5335,,
5,DJI_0101.JPG,3327,3300,1676,0,,,
6,DJI_0878.JPG,3641,3587,912,1,759.2576,,
7,DJI_0933.JPG,3321,3288,1306,0,,,
8,DJI_0076.JPG,3404,3371,630,0,,,
9,DJI_0872.JPG,3328,3283,1056,1,1147.06,,
10,DJI_0809.JPG,3405,3351,944,1,1540.434,16297,
11,DJI_0880.JPG,3146,3128,886,0,,,
12,DJI_0962.JPG,3081,3073,552,0,,,
13,DJI_0074.JPG,3077,3058,835,0,,,
14,DJI_0931.JPG,3225,3204,932,0,,,
15,DJI_0905.JPG,3501,3452,1272,1,1954.59,,
16,DJI_0902.JPG,2992,2969,836,0,,,
17,DJI_0881.JPG,3127,3100,1727,0,,,
18,DJI_0941.JPG,3247,3214,1566,1,2258.648,,
19,DJI_0022.JPG,3960,3929,1181,0,,,
20,DJI_0997.JPG,4422,4411,1481,0,,,
21,DJI_0942.JPG,4300,4266,1291,0,,,
22,DJI_0901.JPG,4396,4346,1021,1,2750.244,,
23,DJI_0898.JPG,4789,4764,1357,0,,,
24,DJI_0894.JPG,4907,4884,1230,0,,,
25,DJI_0893.JPG,5137,5102,994,1,3810.946,33331,
26,DJI_0892.JPG,4237,4207,610,0,,,
27,DJI_0882.JPG,3895,3859,718,0,,,
28,DJI_0961.JPG,3560,3548,556,0,,,
29,DJI_0946.JPG,3499,3459,878,0,,,
30,DJI_0001.JPG,3590,3549,637,0,,,
31,DJI_0883.JPG,3481,3438,926,0,,,
32,DJI_0960.JPG,3411,3378,554,0,,,
33,DJI_0947.JPG,2982,2935,1461,0,,,
34,DJI_0002.JPG,2997,2934,1149,1,4514.991,,
35,DJI_0957.JPG,3070,3034,1152,0,,,
36,DJI_0958.JPG,3541,3506,1728,0,,,
37,DJI_0869.JPG,2903,2862,1126,0,,,
38,DJI_0833.JPG,2934,2874,1336,0,,,
39,DJI_0834.JPG,2809,2733,1287,0,,,
40,DJI_0867.JPG,2940,2876,1410,0,,,
41,DJI_0906.JPG,3136,3076,1353,1,5281.445,,
42,DJI_0929.JPG,3044,3026,639,0,,,
43,DJI_0831.JPG,2726,2694,685,0,,,
44,DJI_0810.JPG,2760,2718,794,0,,,
45,DJI_0963.JPG,2682,2671,580,0,,,
46,DJI_0003.JPG,2528,2482,912,0,,,
47,DJI_0835.JPG,2475,2438,834,0,,,
48,DJI_0865.JPG,2453,2424,1118,0,,,
49,DJI_0907.JPG,2609,2549,920,0,,,
50,DJI_0006.JPG,2280,2231,1106,0,,,
51,DJI_0812.JPG,2184,2152,474,0,,,
52,DJI_0927.JPG,2135,2070,448,0,,,
53,DJI_0813.JPG,1991,1956,1091,0,,,
54,DJI_0814.JPG,2113,2068,1067,1,6799.488,,
55,DJI_0864.JPG,1890,1878,909,0,,,
56,DJI_0815.JPG,1829,1793,1158,0,,,
57,DJI_0816.JPG,1986,1950,1354,0,,,
58,DJI_0822.JPG,2090,2024,974,0,,,
59,DJI_0823.JPG,2053,1976,1336,0,,,
60,DJI_0909.JPG,1813,1768,654,1,9211.485,67124,
61,DJI_0836.JPG,1834,1788,701,0,,,
62,DJI_0925.JPG,1730,1695,1052,0,,,
63,DJI_0964.JPG,1742,1730,479,0,,,
64,DJI_0863.JPG,1471,1448,753,0,,,
65,DJI_0921.JPG,1365,1326,870,0,,,
66,DJI_0965.JPG,1177,1158,478,0,,,
67,DJI_0966.JPG,988,949,831,0,,,
68,DJI_0849.JPG,1084,1046,459,0,,,
69,DJI_0862.JPG,955,896,470,0,,,
70,DJI_0852.JPG,942,896,452,0,,,
71,DJI_0967.JPG,994,908,534,0,,,
72,DJI_0848.JPG,887,834,650,0,,,
73,DJI_0859.JPG,886,784,576,0,,,
74,DJI_0837.JPG,923,849,533,0,,,
75,DJI_0860.JPG,1008,912,605,0,,,
76,DJI_0847.JPG,839,785,517,0,,,
77,DJI_0838.JPG,531,462,427,0,,,
78,DJI_0839.JPG,599,540,1058,0,,,
79,DJI_0968.JPG,490,442,239,0,,,
80,DJI_0841.JPG,416,370,459,0,,,
81,DJI_0842.JPG,404,354,717,0,,,
82,DJI_0845.JPG,492,426,407,0,,,
83,DJI_0843.JPG,645,531,679,1,8619.738,,
