reference,reference_res_m,part,injected_e_m,injected_n_m,shift_e_m,shift_n_m,peak,ground_share,note
naip_2022,0.6,whole,0.0,0.0,0.65,-3.6,0.0081,0.084,"the move, east and north, that takes the orthomosaic onto the reference; the injected columns are the self test"
naip_2022,0.6,tile 10,0.0,0.0,-10.76,33.69,0.014,0.125,"the move, east and north, that takes the orthomosaic onto the reference; the injected columns are the self test"
naip_2022,0.6,tile 11,0.0,0.0,0.74,-3.68,0.0246,0.428,"the move, east and north, that takes the orthomosaic onto the reference; the injected columns are the self test"
naip_2022,0.6,tile 12,0.0,0.0,19.84,-32.34,0.0163,0.07,"the move, east and north, that takes the orthomosaic onto the reference; the injected columns are the self test"
naip_2022,0.6,tile 20,0.0,0.0,89.96,98.43,0.0155,0.064,"the move, east and north, that takes the orthomosaic onto the reference; the injected columns are the self test"
naip_2022,0.6,tile 21,0.0,0.0,14.96,-90.62,0.016,0.067,"the move, east and north, that takes the orthomosaic onto the reference; the injected columns are the self test"
naip_2022,0.6,whole,2.0,2.0,-1.23,-5.85,0.0061,0.083,"the move, east and north, that takes the orthomosaic onto the reference; the injected columns are the self test"
naip_2023,0.3,whole,0.0,0.0,0.41,-1.47,0.0077,0.295,"the move, east and north, that takes the orthomosaic onto the reference; the injected columns are the self test"
naip_2023,0.3,tile 01,0.0,0.0,-26.15,-11.69,0.0161,0.187,"the move, east and north, that takes the orthomosaic onto the reference; the injected columns are the self test"
naip_2023,0.3,tile 02,0.0,0.0,-0.32,6.91,0.0174,0.075,"the move, east and north, that takes the orthomosaic onto the reference; the injected columns are the self test"
naip_2023,0.3,tile 10,0.0,0.0,45.27,-47.12,0.0148,0.168,"the move, east and north, that takes the orthomosaic onto the reference; the injected columns are the self test"
naip_2023,0.3,tile 11,0.0,0.0,26.09,-9.87,0.0143,0.363,"the move, east and north, that takes the orthomosaic onto the reference; the injected columns are the self test"
naip_2023,0.3,tile 12,0.0,0.0,-0.26,-5.91,0.0164,0.395,"the move, east and north, that takes the orthomosaic onto the reference; the injected columns are the self test"
naip_2023,0.3,tile 20,0.0,0.0,1.22,-1.26,0.03,0.53,"the move, east and north, that takes the orthomosaic onto the reference; the injected columns are the self test"
naip_2023,0.3,tile 21,0.0,0.0,-0.25,-1.79,0.0202,0.472,"the move, east and north, that takes the orthomosaic onto the reference; the injected columns are the self test"
naip_2023,0.3,tile 22,0.0,0.0,-1.04,-2.08,0.0283,0.449,"the move, east and north, that takes the orthomosaic onto the reference; the injected columns are the self test"
naip_2023,0.3,whole,2.0,2.0,-1.57,-3.6,0.0067,0.294,"the move, east and north, that takes the orthomosaic onto the reference; the injected columns are the self test"
nj2020,0.3048,whole,0.0,0.0,-38.07,96.65,0.0053,0.321,"the move, east and north, that takes the orthomosaic onto the reference; the injected columns are the self test"
nj2020,0.3048,tile 01,0.0,0.0,-32.61,35.7,0.0175,0.214,"the move, east and north, that takes the orthomosaic onto the reference; the injected columns are the self test"
nj2020,0.3048,tile 02,0.0,0.0,-6.98,-5.11,0.0214,0.087,"the move, east and north, that takes the orthomosaic onto the reference; the injected columns are the self test"
nj2020,0.3048,tile 10,0.0,0.0,-1.58,-5.46,0.0196,0.228,"the move, east and north, that takes the orthomosaic onto the reference; the injected columns are the self test"
nj2020,0.3048,tile 11,0.0,0.0,14.01,-12.5,0.0161,0.37,"the move, east and north, that takes the orthomosaic onto the reference; the injected columns are the self test"
nj2020,0.3048,tile 12,0.0,0.0,-36.02,-47.88,0.0154,0.417,"the move, east and north, that takes the orthomosaic onto the reference; the injected columns are the self test"
nj2020,0.3048,tile 20,0.0,0.0,4.85,-48.75,0.0148,0.567,"the move, east and north, that takes the orthomosaic onto the reference; the injected columns are the self test"
nj2020,0.3048,tile 21,0.0,0.0,-11.62,9.47,0.0141,0.537,"the move, east and north, that takes the orthomosaic onto the reference; the injected columns are the self test"
nj2020,0.3048,tile 22,0.0,0.0,-0.92,-2.19,0.0217,0.443,"the move, east and north, that takes the orthomosaic onto the reference; the injected columns are the self test"
nj2020,0.3048,whole,2.0,2.0,-6.39,-3.68,0.0068,0.32,"the move, east and north, that takes the orthomosaic onto the reference; the injected columns are the self test"
