date,item,platform,cloud_cover_pct,place,red,nir,ndvi,scl,scl_name,clear
2025-01-01,S2A_18TWK_20250101_0_L2A,sentinel-2a,56.37,Institute Woods,0.0857,0.136,0.2269,7,unclassified,False
2025-01-01,S2A_18TWK_20250101_0_L2A,sentinel-2a,56.37,campus lawn,0.109,0.251,0.3944,5,not vegetated,True
2025-01-01,S2A_18TWK_20250101_0_L2A,sentinel-2a,56.37,golf fairway,0.0744,0.1762,0.4062,5,not vegetated,True
2025-01-04,S2A_18TWK_20250104_0_L2A,sentinel-2a,77.68,Institute Woods,0.586,0.6732,0.0693,9,cloud high probability,False
2025-01-04,S2A_18TWK_20250104_0_L2A,sentinel-2a,77.68,campus lawn,0.0529,0.2416,0.6407,4,vegetation,True
2025-01-04,S2A_18TWK_20250104_0_L2A,sentinel-2a,77.68,golf fairway,0.2202,0.2922,0.1405,8,cloud medium probability,False
2025-01-06,S2B_18TWK_20250106_0_L2A,sentinel-2b,100.0,Institute Woods,0.8856,0.9208,0.0195,8,cloud medium probability,False
2025-01-06,S2B_18TWK_20250106_0_L2A,sentinel-2b,100.0,campus lawn,0.9064,0.9544,0.0258,8,cloud medium probability,False
2025-01-06,S2B_18TWK_20250106_0_L2A,sentinel-2b,100.0,golf fairway,0.8976,0.948,0.0273,8,cloud medium probability,False
2025-01-09,S2B_18TWK_20250109_0_L2A,sentinel-2b,0.17,Institute Woods,0.1334,0.2256,0.2568,5,not vegetated,True
2025-01-09,S2B_18TWK_20250109_0_L2A,sentinel-2b,0.17,campus lawn,0.2214,0.6092,0.4669,5,not vegetated,True
2025-01-09,S2B_18TWK_20250109_0_L2A,sentinel-2b,0.17,golf fairway,0.1644,0.2624,0.2296,11,snow or ice,False
2025-01-11,S2A_18TWK_20250111_0_L2A,sentinel-2a,83.75,Institute Woods,0.2776,0.366,0.1374,9,cloud high probability,False
2025-01-11,S2A_18TWK_20250111_0_L2A,sentinel-2a,83.75,campus lawn,0.225,0.4392,0.3225,8,cloud medium probability,False
2025-01-11,S2A_18TWK_20250111_0_L2A,sentinel-2a,83.75,golf fairway,0.2918,0.3528,0.0946,9,cloud high probability,False
2025-01-14,S2A_18TWK_20250114_0_L2A,sentinel-2a,1.06,Institute Woods,0.0753,0.1734,0.3945,5,not vegetated,True
2025-01-14,S2A_18TWK_20250114_0_L2A,sentinel-2a,1.06,campus lawn,0.0569,0.4656,0.7822,4,vegetation,True
2025-01-14,S2A_18TWK_20250114_0_L2A,sentinel-2a,1.06,golf fairway,0.0587,0.1798,0.5078,4,vegetation,True
2025-01-16,S2B_18TWK_20250116_0_L2A,sentinel-2b,79.72,Institute Woods,0.3852,0.438,0.0641,9,cloud high probability,False
2025-01-16,S2B_18TWK_20250116_0_L2A,sentinel-2b,79.72,campus lawn,0.424,0.4644,0.0455,9,cloud high probability,False
2025-01-16,S2B_18TWK_20250116_0_L2A,sentinel-2b,79.72,golf fairway,0.4836,0.5264,0.0424,9,cloud high probability,False
2025-01-19,S2B_18TWK_20250119_0_L2A,sentinel-2b,100.0,Institute Woods,0.6348,0.66,0.0195,9,cloud high probability,False
2025-01-19,S2B_18TWK_20250119_0_L2A,sentinel-2b,100.0,campus lawn,0.67,0.6496,-0.0155,9,cloud high probability,False
2025-01-19,S2B_18TWK_20250119_0_L2A,sentinel-2b,100.0,golf fairway,0.6176,0.6476,0.0237,9,cloud high probability,False
2025-01-21,S2C_18TWK_20250121_0_L2A,sentinel-2c,87.13,Institute Woods,0.2014,0.1484,-0.1515,10,thin cirrus,False
2025-01-21,S2C_18TWK_20250121_0_L2A,sentinel-2c,87.13,campus lawn,0.466,0.4004,-0.0757,10,thin cirrus,False
2025-01-21,S2C_18TWK_20250121_0_L2A,sentinel-2c,87.13,golf fairway,0.3064,0.276,-0.0522,11,snow or ice,False
2025-01-24,S2C_18TWK_20250124_0_L2A,sentinel-2c,17.15,Institute Woods,0.1721,0.2564,0.1967,5,not vegetated,True
2025-01-24,S2C_18TWK_20250124_0_L2A,sentinel-2c,17.15,campus lawn,0.8767,0.9632,0.047,10,thin cirrus,False
2025-01-24,S2C_18TWK_20250124_0_L2A,sentinel-2c,17.15,golf fairway,0.6328,0.6888,0.0424,10,thin cirrus,False
2025-01-26,S2B_18TWK_20250126_0_L2A,sentinel-2b,99.41,Institute Woods,0.7104,0.7704,0.0405,9,cloud high probability,False
2025-01-26,S2B_18TWK_20250126_0_L2A,sentinel-2b,99.41,campus lawn,0.7896,0.8584,0.0417,9,cloud high probability,False
2025-01-26,S2B_18TWK_20250126_0_L2A,sentinel-2b,99.41,golf fairway,0.7568,0.8264,0.044,9,cloud high probability,False
2025-01-29,S2B_18TWK_20250129_0_L2A,sentinel-2b,1.16,Institute Woods,0.086,0.1748,0.3405,5,not vegetated,True
2025-01-29,S2B_18TWK_20250129_0_L2A,sentinel-2b,1.16,campus lawn,0.0684,0.4288,0.7249,4,vegetation,True
2025-01-29,S2B_18TWK_20250129_0_L2A,sentinel-2b,1.16,golf fairway,0.1264,0.2142,0.2578,5,not vegetated,True
2025-01-31,S2C_18TWK_20250131_0_L2A,sentinel-2c,100.0,Institute Woods,0.7584,0.7992,0.0262,8,cloud medium probability,False
2025-01-31,S2C_18TWK_20250131_0_L2A,sentinel-2c,100.0,campus lawn,0.7704,0.8104,0.0253,8,cloud medium probability,False
2025-01-31,S2C_18TWK_20250131_0_L2A,sentinel-2c,100.0,golf fairway,0.7632,0.8112,0.0305,8,cloud medium probability,False
2025-02-03,S2C_18TWK_20250203_0_L2A,sentinel-2c,100.0,Institute Woods,0.2436,0.3268,0.1459,9,cloud high probability,False
2025-02-03,S2C_18TWK_20250203_0_L2A,sentinel-2c,100.0,campus lawn,0.1852,0.2748,0.1948,9,cloud high probability,False
2025-02-03,S2C_18TWK_20250203_0_L2A,sentinel-2c,100.0,golf fairway,0.2094,0.292,0.1647,9,cloud high probability,False
2025-02-05,S2B_18TWK_20250205_0_L2A,sentinel-2b,90.27,Institute Woods,0.1332,0.2014,0.2038,10,thin cirrus,False
2025-02-05,S2B_18TWK_20250205_0_L2A,sentinel-2b,90.27,campus lawn,0.1338,0.354,0.4514,10,thin cirrus,False
2025-02-05,S2B_18TWK_20250205_0_L2A,sentinel-2b,90.27,golf fairway,0.1414,0.2602,0.2958,10,thin cirrus,False
2025-02-08,S2B_18TWK_20250208_0_L2A,sentinel-2b,99.77,Institute Woods,0.2044,0.3072,0.2009,9,cloud high probability,False
2025-02-08,S2B_18TWK_20250208_0_L2A,sentinel-2b,99.77,campus lawn,0.2012,0.3092,0.2116,9,cloud high probability,False
2025-02-08,S2B_18TWK_20250208_0_L2A,sentinel-2b,99.77,golf fairway,0.1708,0.2708,0.2264,9,cloud high probability,False
2025-02-10,S2C_18TWK_20250210_0_L2A,sentinel-2c,31.79,Institute Woods,0.0339,0.0612,0.2871,3,cloud shadow,False
2025-02-10,S2C_18TWK_20250210_0_L2A,sentinel-2c,31.79,campus lawn,0.1224,0.5796,0.6513,8,cloud medium probability,False
2025-02-10,S2C_18TWK_20250210_0_L2A,sentinel-2c,31.79,golf fairway,0.5184,0.5744,0.0512,9,cloud high probability,False
2025-02-13,S2C_18TWK_20250213_0_L2A,sentinel-2c,100.0,Institute Woods,0.5104,0.5232,0.0124,9,cloud high probability,False
2025-02-13,S2C_18TWK_20250213_0_L2A,sentinel-2c,100.0,campus lawn,0.5128,0.5232,0.01,9,cloud high probability,False
2025-02-13,S2C_18TWK_20250213_0_L2A,sentinel-2c,100.0,golf fairway,0.5312,0.5436,0.0115,9,cloud high probability,False
2025-02-15,S2B_18TWK_20250215_0_L2A,sentinel-2b,100.0,Institute Woods,0.5328,0.5924,0.053,9,cloud high probability,False
2025-02-15,S2B_18TWK_20250215_0_L2A,sentinel-2b,100.0,campus lawn,0.5256,0.5776,0.0471,9,cloud high probability,False
2025-02-15,S2B_18TWK_20250215_0_L2A,sentinel-2b,100.0,golf fairway,0.546,0.5992,0.0465,9,cloud high probability,False
2025-02-18,S2B_18TWK_20250218_0_L2A,sentinel-2b,85.66,Institute Woods,0.0452,0.0966,0.3625,3,cloud shadow,False
2025-02-18,S2B_18TWK_20250218_0_L2A,sentinel-2b,85.66,campus lawn,0.035,0.1692,0.6572,3,cloud shadow,False
2025-02-18,S2B_18TWK_20250218_0_L2A,sentinel-2b,85.66,golf fairway,0.0286,0.0886,0.5119,3,cloud shadow,False
2025-02-20,S2C_18TWK_20250220_0_L2A,sentinel-2c,95.95,Institute Woods,0.5784,0.6304,0.043,9,cloud high probability,False
2025-02-20,S2C_18TWK_20250220_0_L2A,sentinel-2c,95.95,campus lawn,0.5152,0.5504,0.033,9,cloud high probability,False
2025-02-20,S2C_18TWK_20250220_0_L2A,sentinel-2c,95.95,golf fairway,0.5916,0.6424,0.0412,9,cloud high probability,False
2025-02-23,S2C_18TWK_20250223_0_L2A,sentinel-2c,0.02,Institute Woods,0.0882,0.1724,0.3231,5,not vegetated,True
2025-02-23,S2C_18TWK_20250223_0_L2A,sentinel-2c,0.02,campus lawn,0.0996,0.4272,0.6219,4,vegetation,True
2025-02-23,S2C_18TWK_20250223_0_L2A,sentinel-2c,0.02,golf fairway,0.0617,0.1826,0.4949,4,vegetation,True
2025-02-25,S2B_18TWK_20250225_0_L2A,sentinel-2b,70.65,Institute Woods,0.1122,0.1936,0.2662,10,thin cirrus,False
2025-02-25,S2B_18TWK_20250225_0_L2A,sentinel-2b,70.65,campus lawn,0.116,0.3404,0.4917,10,thin cirrus,False
2025-02-25,S2B_18TWK_20250225_0_L2A,sentinel-2b,70.65,golf fairway,0.1294,0.3034,0.402,10,thin cirrus,False
2025-02-28,S2B_18TWK_20250228_0_L2A,sentinel-2b,35.4,Institute Woods,0.0996,0.2106,0.3578,5,not vegetated,True
2025-02-28,S2B_18TWK_20250228_0_L2A,sentinel-2b,35.4,campus lawn,0.1098,0.4384,0.5994,4,vegetation,True
2025-02-28,S2B_18TWK_20250228_0_L2A,sentinel-2b,35.4,golf fairway,0.0761,0.1922,0.4327,4,vegetation,True
2025-03-02,S2C_18TWK_20250302_0_L2A,sentinel-2c,4.02,Institute Woods,0.0932,0.1964,0.3564,5,not vegetated,True
2025-03-02,S2C_18TWK_20250302_0_L2A,sentinel-2c,4.02,campus lawn,0.1154,0.46,0.5989,10,thin cirrus,False
2025-03-02,S2C_18TWK_20250302_0_L2A,sentinel-2c,4.02,golf fairway,0.0858,0.2044,0.4087,10,thin cirrus,False
2025-03-07,S2B_18TWK_20250307_0_L2A,sentinel-2b,8.42,Institute Woods,0.0993,0.217,0.3721,10,thin cirrus,False
2025-03-07,S2B_18TWK_20250307_0_L2A,sentinel-2b,8.42,campus lawn,0.1054,0.4596,0.6269,4,vegetation,True
2025-03-07,S2B_18TWK_20250307_0_L2A,sentinel-2b,8.42,golf fairway,0.0656,0.2042,0.5137,4,vegetation,True
2025-03-10,S2B_18TWK_20250310_0_L2A,sentinel-2b,0.01,Institute Woods,0.0814,0.1688,0.3493,5,not vegetated,True
2025-03-10,S2B_18TWK_20250310_0_L2A,sentinel-2b,0.01,campus lawn,0.0975,0.432,0.6317,4,vegetation,True
2025-03-10,S2B_18TWK_20250310_0_L2A,sentinel-2b,0.01,golf fairway,0.061,0.183,0.5,4,vegetation,True
2025-03-12,S2C_18TWK_20250312_0_L2A,sentinel-2c,93.34,Institute Woods,0.1454,0.2222,0.2089,10,thin cirrus,False
2025-03-12,S2C_18TWK_20250312_0_L2A,sentinel-2c,93.34,campus lawn,0.2262,0.3388,0.1993,8,cloud medium probability,False
2025-03-12,S2C_18TWK_20250312_0_L2A,sentinel-2c,93.34,golf fairway,0.1456,0.2746,0.307,8,cloud medium probability,False
2025-03-14,S2A_18TWK_20250314_0_L2A,sentinel-2a,29.04,Institute Woods,0.0944,0.1904,0.3371,5,not vegetated,True
2025-03-14,S2A_18TWK_20250314_0_L2A,sentinel-2a,29.04,campus lawn,0.1154,0.47,0.6057,4,vegetation,True
2025-03-14,S2A_18TWK_20250314_0_L2A,sentinel-2a,29.04,golf fairway,0.0841,0.2154,0.4384,4,vegetation,True
2025-03-15,S2C_18TWK_20250315_0_L2A,sentinel-2c,100.0,Institute Woods,0.5988,0.6292,0.0248,9,cloud high probability,False
2025-03-15,S2C_18TWK_20250315_0_L2A,sentinel-2c,100.0,campus lawn,0.7152,0.7504,0.024,9,cloud high probability,False
2025-03-15,S2C_18TWK_20250315_0_L2A,sentinel-2c,100.0,golf fairway,0.6888,0.732,0.0304,9,cloud high probability,False
2025-03-17,S2B_18TWK_20250317_0_L2A,sentinel-2b,98.47,Institute Woods,0.4712,0.4864,0.0159,9,cloud high probability,False
2025-03-17,S2B_18TWK_20250317_0_L2A,sentinel-2b,98.47,campus lawn,0.5692,0.5848,0.0135,9,cloud high probability,False
2025-03-17,S2B_18TWK_20250317_0_L2A,sentinel-2b,98.47,golf fairway,0.4744,0.5052,0.0314,9,cloud high probability,False
2025-03-20,S2B_18TWK_20250320_0_L2A,sentinel-2b,75.04,Institute Woods,0.3216,0.3604,0.0569,9,cloud high probability,False
2025-03-20,S2B_18TWK_20250320_0_L2A,sentinel-2b,75.04,campus lawn,0.2832,0.4256,0.2009,9,cloud high probability,False
2025-03-20,S2B_18TWK_20250320_0_L2A,sentinel-2b,75.04,golf fairway,0.2402,0.3576,0.1964,8,cloud medium probability,False
2025-03-22,S2C_18TWK_20250322_0_L2A,sentinel-2c,88.38,Institute Woods,0.4204,0.478,0.0641,9,cloud high probability,False
2025-03-22,S2C_18TWK_20250322_0_L2A,sentinel-2c,88.38,campus lawn,0.3804,0.4456,0.0789,9,cloud high probability,False
2025-03-22,S2C_18TWK_20250322_0_L2A,sentinel-2c,88.38,golf fairway,0.4084,0.4792,0.0798,9,cloud high probability,False
2025-03-25,S2C_18TWK_20250325_0_L2A,sentinel-2c,10.28,Institute Woods,0.1088,0.2326,0.3626,5,not vegetated,True
2025-03-25,S2C_18TWK_20250325_0_L2A,sentinel-2c,10.28,campus lawn,0.0159,0.0928,0.7075,3,cloud shadow,False
2025-03-25,S2C_18TWK_20250325_0_L2A,sentinel-2c,10.28,golf fairway,0.0516,0.215,0.6129,4,vegetation,True
2025-03-27,S2B_18TWK_20250327_1_L2A,sentinel-2b,2.51,Institute Woods,0.0994,0.21,0.3575,5,not vegetated,True
2025-03-27,S2A_18TWK_20250327_0_L2A,sentinel-2a,3.06,Institute Woods,0.0874,0.1866,0.362,5,not vegetated,True
2025-03-27,S2B_18TWK_20250327_1_L2A,sentinel-2b,2.51,campus lawn,0.0691,0.4916,0.7535,4,vegetation,True
2025-03-27,S2A_18TWK_20250327_0_L2A,sentinel-2a,3.06,campus lawn,0.0602,0.4648,0.7707,4,vegetation,True
2025-03-27,S2B_18TWK_20250327_1_L2A,sentinel-2b,2.51,golf fairway,0.0566,0.2232,0.5954,4,vegetation,True
2025-03-27,S2A_18TWK_20250327_0_L2A,sentinel-2a,3.06,golf fairway,0.0435,0.1862,0.6212,4,vegetation,True
2025-03-30,S2B_18TWK_20250330_0_L2A,sentinel-2b,100.0,Institute Woods,0.7188,0.708,-0.0076,9,cloud high probability,False
2025-03-30,S2B_18TWK_20250330_0_L2A,sentinel-2b,100.0,campus lawn,0.932,0.9408,0.0047,9,cloud high probability,False
2025-03-30,S2B_18TWK_20250330_0_L2A,sentinel-2b,100.0,golf fairway,0.8104,0.8104,0.0,9,cloud high probability,False
2025-04-01,S2C_18TWK_20250401_0_L2A,sentinel-2c,6.88,Institute Woods,0.1024,0.2326,0.3887,5,not vegetated,True
2025-04-01,S2C_18TWK_20250401_0_L2A,sentinel-2c,6.88,campus lawn,0.0512,0.4984,0.8137,4,vegetation,True
2025-04-01,S2C_18TWK_20250401_0_L2A,sentinel-2c,6.88,golf fairway,0.0534,0.225,0.6164,4,vegetation,True
2025-04-03,S2A_18TWK_20250403_0_L2A,sentinel-2a,100.0,Institute Woods,0.5688,0.5992,0.026,8,cloud medium probability,False
2025-04-03,S2A_18TWK_20250403_0_L2A,sentinel-2a,100.0,campus lawn,0.5192,0.5316,0.0118,8,cloud medium probability,False
2025-04-03,S2A_18TWK_20250403_0_L2A,sentinel-2a,100.0,golf fairway,0.5036,0.5288,0.0244,8,cloud medium probability,False
2025-04-04,S2C_18TWK_20250404_0_L2A,sentinel-2c,99.94,Institute Woods,0.562,0.6276,0.0551,9,cloud high probability,False
2025-04-04,S2C_18TWK_20250404_0_L2A,sentinel-2c,99.94,campus lawn,0.6256,0.6856,0.0458,8,cloud medium probability,False
2025-04-04,S2C_18TWK_20250404_0_L2A,sentinel-2c,99.94,golf fairway,0.6092,0.6708,0.0481,8,cloud medium probability,False
2025-04-06,S2B_18TWK_20250406_0_L2A,sentinel-2b,100.0,Institute Woods,0.7856,0.8192,0.0209,8,cloud medium probability,False
2025-04-06,S2B_18TWK_20250406_0_L2A,sentinel-2b,100.0,campus lawn,0.8416,0.8816,0.0232,8,cloud medium probability,False
2025-04-06,S2B_18TWK_20250406_0_L2A,sentinel-2b,100.0,golf fairway,0.864,0.904,0.0226,9,cloud high probability,False
2025-04-09,S2B_18TWK_20250409_0_L2A,sentinel-2b,3.5,Institute Woods,0.0781,0.1942,0.4264,5,not vegetated,True
2025-04-09,S2B_18TWK_20250409_0_L2A,sentinel-2b,3.5,campus lawn,0.0334,0.4728,0.868,4,vegetation,True
2025-04-09,S2B_18TWK_20250409_0_L2A,sentinel-2b,3.5,golf fairway,0.0396,0.2004,0.67,4,vegetation,True
2025-04-11,S2C_18TWK_20250411_0_L2A,sentinel-2c,100.0,Institute Woods,0.7464,0.7784,0.021,8,cloud medium probability,False
2025-04-11,S2C_18TWK_20250411_0_L2A,sentinel-2c,100.0,campus lawn,0.768,0.804,0.0229,8,cloud medium probability,False
2025-04-11,S2C_18TWK_20250411_0_L2A,sentinel-2c,100.0,golf fairway,0.7536,0.7928,0.0253,8,cloud medium probability,False
2025-04-16,S2B_18TWK_20250416_0_L2A,sentinel-2b,93.32,Institute Woods,0.632,0.6908,0.0445,9,cloud high probability,False
2025-04-16,S2A_18TWK_20250416_1_L2A,sentinel-2a,96.9,Institute Woods,0.9592,1.028,0.0346,9,cloud high probability,False
2025-04-16,S2B_18TWK_20250416_0_L2A,sentinel-2b,93.32,campus lawn,0.7344,0.824,0.0575,9,cloud high probability,False
2025-04-16,S2A_18TWK_20250416_1_L2A,sentinel-2a,96.9,campus lawn,0.6488,0.7248,0.0553,9,cloud high probability,False
2025-04-16,S2B_18TWK_20250416_0_L2A,sentinel-2b,93.32,golf fairway,0.7496,0.8336,0.0531,9,cloud high probability,False
2025-04-16,S2A_18TWK_20250416_1_L2A,sentinel-2a,96.9,golf fairway,0.584,0.6572,0.059,9,cloud high probability,False
2025-04-19,S2B_18TWK_20250419_0_L2A,sentinel-2b,100.0,Institute Woods,0.5664,0.6248,0.049,8,cloud medium probability,False
2025-04-19,S2B_18TWK_20250419_0_L2A,sentinel-2b,100.0,campus lawn,0.5304,0.6044,0.0652,8,cloud medium probability,False
2025-04-19,S2B_18TWK_20250419_0_L2A,sentinel-2b,100.0,golf fairway,0.5484,0.6136,0.0561,8,cloud medium probability,False
2025-04-21,S2C_18TWK_20250421_0_L2A,sentinel-2c,89.46,Institute Woods,0.8584,0.7832,-0.0458,9,cloud high probability,False
2025-04-21,S2C_18TWK_20250421_0_L2A,sentinel-2c,89.46,campus lawn,0.9064,0.8464,-0.0342,9,cloud high probability,False
2025-04-21,S2C_18TWK_20250421_0_L2A,sentinel-2c,89.46,golf fairway,0.8584,0.7928,-0.0397,9,cloud high probability,False
2025-04-23,S2A_18TWK_20250423_0_L2A,sentinel-2a,37.49,Institute Woods,0.0665,0.3068,0.6437,4,vegetation,True
2025-04-23,S2A_18TWK_20250423_0_L2A,sentinel-2a,37.49,campus lawn,0.0478,0.5052,0.8271,4,vegetation,True
2025-04-23,S2A_18TWK_20250423_0_L2A,sentinel-2a,37.49,golf fairway,0.06,0.2656,0.6314,4,vegetation,True
2025-04-24,S2C_18TWK_20250424_0_L2A,sentinel-2c,49.19,Institute Woods,0.0446,0.2552,0.7025,4,vegetation,True
2025-04-24,S2C_18TWK_20250424_0_L2A,sentinel-2c,49.19,campus lawn,0.0418,0.486,0.8416,4,vegetation,True
2025-04-24,S2C_18TWK_20250424_0_L2A,sentinel-2c,49.19,golf fairway,0.0443,0.2406,0.689,4,vegetation,True
2025-04-26,S2B_18TWK_20250426_0_L2A,sentinel-2b,96.42,Institute Woods,0.0752,0.2068,0.4667,3,cloud shadow,False
2025-04-26,S2B_18TWK_20250426_0_L2A,sentinel-2b,96.42,campus lawn,0.4988,0.6012,0.0931,9,cloud high probability,False
2025-04-26,S2B_18TWK_20250426_0_L2A,sentinel-2b,96.42,golf fairway,0.6292,0.7368,0.0788,9,cloud high probability,False
2025-04-29,S2B_18TWK_20250429_0_L2A,sentinel-2b,0.03,Institute Woods,0.0281,0.299,0.8282,4,vegetation,True
2025-04-29,S2B_18TWK_20250429_0_L2A,sentinel-2b,0.03,campus lawn,0.0406,0.4544,0.836,4,vegetation,True
2025-04-29,S2B_18TWK_20250429_0_L2A,sentinel-2b,0.03,golf fairway,0.0336,0.254,0.7663,4,vegetation,True
2025-05-01,S2C_18TWK_20250501_0_L2A,sentinel-2c,24.56,Institute Woods,0.0358,0.4112,0.8398,4,vegetation,True
2025-05-01,S2C_18TWK_20250501_0_L2A,sentinel-2c,24.56,campus lawn,0.0534,0.5064,0.8092,4,vegetation,True
2025-05-01,S2C_18TWK_20250501_0_L2A,sentinel-2c,24.56,golf fairway,0.0434,0.3112,0.7552,4,vegetation,True
2025-05-04,S2C_18TWK_20250504_0_L2A,sentinel-2c,100.0,Institute Woods,0.7864,0.8304,0.0272,8,cloud medium probability,False
2025-05-04,S2C_18TWK_20250504_0_L2A,sentinel-2c,100.0,campus lawn,0.7936,0.8424,0.0298,8,cloud medium probability,False
2025-05-04,S2C_18TWK_20250504_0_L2A,sentinel-2c,100.0,golf fairway,0.7848,0.8304,0.0282,8,cloud medium probability,False
2025-05-06,S2B_18TWK_20250506_0_L2A,sentinel-2b,96.54,Institute Woods,0.2578,0.4544,0.276,9,cloud high probability,False
2025-05-06,S2A_18TWK_20250506_1_L2A,sentinel-2a,93.18,Institute Woods,0.2754,0.4196,0.2075,9,cloud high probability,False
2025-05-06,S2B_18TWK_20250506_0_L2A,sentinel-2b,96.54,campus lawn,0.2322,0.4436,0.3128,8,cloud medium probability,False
2025-05-06,S2A_18TWK_20250506_1_L2A,sentinel-2a,93.18,campus lawn,0.3,0.434,0.1826,9,cloud high probability,False
2025-05-06,S2B_18TWK_20250506_0_L2A,sentinel-2b,96.54,golf fairway,0.2394,0.4872,0.341,8,cloud medium probability,False
2025-05-06,S2A_18TWK_20250506_1_L2A,sentinel-2a,93.18,golf fairway,0.2272,0.4228,0.3009,8,cloud medium probability,False
2025-05-09,S2B_18TWK_20250509_0_L2A,sentinel-2b,100.0,Institute Woods,1.0984,1.0624,-0.0167,8,cloud medium probability,False
2025-05-09,S2B_18TWK_20250509_0_L2A,sentinel-2b,100.0,campus lawn,1.108,1.112,0.0018,9,cloud high probability,False
2025-05-09,S2B_18TWK_20250509_0_L2A,sentinel-2b,100.0,golf fairway,1.1904,1.2008,0.0043,9,cloud high probability,False
2025-05-13,S2A_18TWK_20250513_0_L2A,sentinel-2a,100.0,Institute Woods,0.792,0.8064,0.009,8,cloud medium probability,False
2025-05-13,S2A_18TWK_20250513_0_L2A,sentinel-2a,100.0,campus lawn,0.7592,0.7928,0.0216,8,cloud medium probability,False
2025-05-13,S2A_18TWK_20250513_0_L2A,sentinel-2a,100.0,golf fairway,0.7344,0.7584,0.0161,8,cloud medium probability,False
2025-05-14,S2C_18TWK_20250514_0_L2A,sentinel-2c,100.0,Institute Woods,0.9896,1.0344,0.0221,8,cloud medium probability,False
2025-05-14,S2C_18TWK_20250514_0_L2A,sentinel-2c,100.0,campus lawn,1.0104,1.0616,0.0247,8,cloud medium probability,False
2025-05-14,S2C_18TWK_20250514_0_L2A,sentinel-2c,100.0,golf fairway,1.0056,1.0568,0.0248,8,cloud medium probability,False
2025-05-16,S2B_18TWK_20250516_0_L2A,sentinel-2b,100.0,Institute Woods,1.1296,1.1864,0.0245,8,cloud medium probability,False
2025-05-16,S2B_18TWK_20250516_0_L2A,sentinel-2b,100.0,campus lawn,1.0648,1.1288,0.0292,8,cloud medium probability,False
2025-05-16,S2B_18TWK_20250516_0_L2A,sentinel-2b,100.0,golf fairway,1.1024,1.1496,0.021,8,cloud medium probability,False
2025-05-19,S2B_18TWK_20250519_0_L2A,sentinel-2b,1.9,Institute Woods,0.0201,0.3872,0.9013,4,vegetation,True
2025-05-19,S2B_18TWK_20250519_0_L2A,sentinel-2b,1.9,campus lawn,0.0356,0.4596,0.8562,4,vegetation,True
2025-05-19,S2B_18TWK_20250519_0_L2A,sentinel-2b,1.9,golf fairway,0.0137,0.3044,0.9139,4,vegetation,True
2025-05-24,S2C_18TWK_20250524_0_L2A,sentinel-2c,93.65,Institute Woods,0.8368,0.8552,0.0109,9,cloud high probability,False
2025-05-24,S2C_18TWK_20250524_0_L2A,sentinel-2c,93.65,campus lawn,0.8328,0.9048,0.0414,9,cloud high probability,False
2025-05-24,S2C_18TWK_20250524_0_L2A,sentinel-2c,93.65,golf fairway,0.6468,0.7232,0.0558,9,cloud high probability,False
2025-05-26,S2B_18TWK_20250526_1_L2A,sentinel-2b,9.15,Institute Woods,0.3772,0.4956,0.1357,8,cloud medium probability,False
2025-05-26,S2A_18TWK_20250526_0_L2A,sentinel-2a,12.95,Institute Woods,0.0192,0.3892,0.906,4,vegetation,True
2025-05-26,S2B_18TWK_20250526_1_L2A,sentinel-2b,9.15,campus lawn,0.0446,0.5604,0.8526,4,vegetation,True
2025-05-26,S2A_18TWK_20250526_0_L2A,sentinel-2a,12.95,campus lawn,0.0039,0.076,0.9024,3,cloud shadow,False
2025-05-26,S2B_18TWK_20250526_1_L2A,sentinel-2b,9.15,golf fairway,0.0182,0.3908,0.911,4,vegetation,True
2025-05-26,S2A_18TWK_20250526_0_L2A,sentinel-2a,12.95,golf fairway,0.0156,0.352,0.9151,4,vegetation,True
2025-05-29,S2B_18TWK_20250529_0_L2A,sentinel-2b,100.0,Institute Woods,0.8336,0.8656,0.0188,9,cloud high probability,False
2025-05-29,S2B_18TWK_20250529_0_L2A,sentinel-2b,100.0,campus lawn,0.8464,0.8768,0.0176,9,cloud high probability,False
2025-05-29,S2B_18TWK_20250529_0_L2A,sentinel-2b,100.0,golf fairway,0.7976,0.8416,0.0268,9,cloud high probability,False
2025-05-31,S2C_18TWK_20250531_0_L2A,sentinel-2c,92.36,Institute Woods,0.6952,0.7456,0.035,8,cloud medium probability,False
2025-05-31,S2C_18TWK_20250531_0_L2A,sentinel-2c,92.36,campus lawn,0.606,0.6796,0.0572,8,cloud medium probability,False
2025-05-31,S2C_18TWK_20250531_0_L2A,sentinel-2c,92.36,golf fairway,0.6056,0.674,0.0535,8,cloud medium probability,False
2025-06-02,S2A_18TWK_20250602_0_L2A,sentinel-2a,4.89,Institute Woods,0.0286,0.4176,0.8718,4,vegetation,True
2025-06-02,S2A_18TWK_20250602_0_L2A,sentinel-2a,4.89,campus lawn,0.2472,0.4008,0.237,10,thin cirrus,False
2025-06-02,S2A_18TWK_20250602_0_L2A,sentinel-2a,4.89,golf fairway,0.2268,0.4792,0.3575,10,thin cirrus,False
2025-06-03,S2C_18TWK_20250603_0_L2A,sentinel-2c,1.87,Institute Woods,0.025,0.366,0.8721,4,vegetation,True
2025-06-03,S2C_18TWK_20250603_0_L2A,sentinel-2c,1.87,campus lawn,0.0366,0.4664,0.8545,4,vegetation,True
2025-06-03,S2C_18TWK_20250603_0_L2A,sentinel-2c,1.87,golf fairway,0.0217,0.3564,0.8852,4,vegetation,True
2025-06-05,S2B_18TWK_20250605_0_L2A,sentinel-2b,65.74,Institute Woods,0.0226,0.452,0.9048,4,vegetation,True
2025-06-05,S2B_18TWK_20250605_0_L2A,sentinel-2b,65.74,campus lawn,0.0585,0.5796,0.8166,10,thin cirrus,False
2025-06-05,S2B_18TWK_20250605_0_L2A,sentinel-2b,65.74,golf fairway,0.0129,0.4344,0.9423,4,vegetation,True
2025-06-08,S2B_18TWK_20250608_0_L2A,sentinel-2b,83.17,Institute Woods,0.5384,0.6064,0.0594,9,cloud high probability,False
2025-06-08,S2B_18TWK_20250608_0_L2A,sentinel-2b,83.17,campus lawn,0.5824,0.6036,0.0179,9,cloud high probability,False
2025-06-08,S2B_18TWK_20250608_0_L2A,sentinel-2b,83.17,golf fairway,0.4788,0.54,0.0601,9,cloud high probability,False
2025-06-10,S2C_18TWK_20250610_0_L2A,sentinel-2c,100.0,Institute Woods,0.6624,0.708,0.0333,8,cloud medium probability,False
2025-06-10,S2C_18TWK_20250610_0_L2A,sentinel-2c,100.0,campus lawn,0.6652,0.7072,0.0306,8,cloud medium probability,False
2025-06-10,S2C_18TWK_20250610_0_L2A,sentinel-2c,100.0,golf fairway,0.6336,0.7008,0.0504,8,cloud medium probability,False
2025-06-13,S2C_18TWK_20250613_0_L2A,sentinel-2c,100.0,Institute Woods,0.3124,0.4496,0.1801,9,cloud high probability,False
2025-06-13,S2C_18TWK_20250613_0_L2A,sentinel-2c,100.0,campus lawn,0.2474,0.396,0.231,9,cloud high probability,False
2025-06-13,S2C_18TWK_20250613_0_L2A,sentinel-2c,100.0,golf fairway,0.2502,0.404,0.2351,9,cloud high probability,False
2025-06-15,S2B_18TWK_20250615_0_L2A,sentinel-2b,99.92,Institute Woods,1.0672,1.1016,0.0159,8,cloud medium probability,False
2025-06-15,S2A_18TWK_20250615_1_L2A,sentinel-2a,99.89,Institute Woods,0.8896,0.8776,-0.0068,8,cloud medium probability,False
2025-06-15,S2B_18TWK_20250615_0_L2A,sentinel-2b,99.92,campus lawn,0.9808,0.9992,0.0093,8,cloud medium probability,False
2025-06-15,S2A_18TWK_20250615_1_L2A,sentinel-2a,99.89,campus lawn,0.9072,0.9024,-0.0027,8,cloud medium probability,False
2025-06-15,S2B_18TWK_20250615_0_L2A,sentinel-2b,99.92,golf fairway,1.0352,1.0696,0.0163,8,cloud medium probability,False
2025-06-15,S2A_18TWK_20250615_1_L2A,sentinel-2a,99.89,golf fairway,0.8712,0.8616,-0.0055,8,cloud medium probability,False
2025-06-18,S2B_18TWK_20250618_0_L2A,sentinel-2b,77.92,Institute Woods,0.5052,0.5412,0.0344,9,cloud high probability,False
2025-06-18,S2B_18TWK_20250618_0_L2A,sentinel-2b,77.92,campus lawn,0.5248,0.564,0.036,9,cloud high probability,False
2025-06-18,S2B_18TWK_20250618_0_L2A,sentinel-2b,77.92,golf fairway,0.4652,0.5396,0.074,9,cloud high probability,False
2025-06-22,S2A_18TWK_20250622_0_L2A,sentinel-2a,100.0,Institute Woods,1.0096,1.0696,0.0289,8,cloud medium probability,False
2025-06-22,S2A_18TWK_20250622_0_L2A,sentinel-2a,100.0,campus lawn,1.0104,1.0608,0.0243,8,cloud medium probability,False
2025-06-22,S2A_18TWK_20250622_0_L2A,sentinel-2a,100.0,golf fairway,1.0032,1.0528,0.0241,8,cloud medium probability,False
2025-06-25,S2B_18TWK_20250625_0_L2A,sentinel-2b,1.19,Institute Woods,0.0305,0.3672,0.8466,4,vegetation,True
2025-06-25,S2B_18TWK_20250625_0_L2A,sentinel-2b,1.19,campus lawn,0.0446,0.4244,0.8098,4,vegetation,True
2025-06-25,S2B_18TWK_20250625_0_L2A,sentinel-2b,1.19,golf fairway,0.0284,0.3716,0.858,4,vegetation,True
2025-06-28,S2B_18TWK_20250628_0_L2A,sentinel-2b,78.27,Institute Woods,0.302,0.418,0.1611,9,cloud high probability,False
2025-06-28,S2B_18TWK_20250628_0_L2A,sentinel-2b,78.27,campus lawn,0.2532,0.3708,0.1885,8,cloud medium probability,False
2025-06-28,S2B_18TWK_20250628_0_L2A,sentinel-2b,78.27,golf fairway,0.5208,0.602,0.0723,9,cloud high probability,False
2025-06-30,S2C_18TWK_20250630_0_L2A,sentinel-2c,50.22,Institute Woods,0.2414,0.4268,0.2775,8,cloud medium probability,False
2025-06-30,S2C_18TWK_20250630_0_L2A,sentinel-2c,50.22,campus lawn,0.3864,0.518,0.1455,9,cloud high probability,False
2025-06-30,S2C_18TWK_20250630_0_L2A,sentinel-2c,50.22,golf fairway,0.358,0.5004,0.1659,9,cloud high probability,False
2025-07-03,S2C_18TWK_20250703_0_L2A,sentinel-2c,10.08,Institute Woods,0.0223,0.3108,0.8661,4,vegetation,True
2025-07-03,S2C_18TWK_20250703_0_L2A,sentinel-2c,10.08,campus lawn,0.0363,0.4232,0.842,4,vegetation,True
2025-07-03,S2C_18TWK_20250703_0_L2A,sentinel-2c,10.08,golf fairway,0.017,0.326,0.9009,4,vegetation,True
2025-07-05,S2B_18TWK_20250705_0_L2A,sentinel-2b,70.18,Institute Woods,0.0678,0.3788,0.6964,10,thin cirrus,False
2025-07-05,S2A_18TWK_20250705_1_L2A,sentinel-2a,64.54,Institute Woods,0.0624,0.3376,0.688,10,thin cirrus,False
2025-07-05,S2B_18TWK_20250705_0_L2A,sentinel-2b,70.18,campus lawn,0.1048,0.4348,0.6116,8,cloud medium probability,False
2025-07-05,S2A_18TWK_20250705_1_L2A,sentinel-2a,64.54,campus lawn,0.0788,0.4112,0.6784,10,thin cirrus,False
2025-07-05,S2B_18TWK_20250705_0_L2A,sentinel-2b,70.18,golf fairway,0.0886,0.4248,0.6549,8,cloud medium probability,False
2025-07-05,S2A_18TWK_20250705_1_L2A,sentinel-2a,64.54,golf fairway,0.0584,0.35,0.714,10,thin cirrus,False
2025-07-08,S2B_18TWK_20250708_1_L2A,sentinel-2b,16.15,Institute Woods,0.1932,0.3628,0.305,10,thin cirrus,False
2025-07-08,S2B_18TWK_20250708_1_L2A,sentinel-2b,16.15,campus lawn,0.2544,0.4604,0.2882,8,cloud medium probability,False
2025-07-08,S2B_18TWK_20250708_1_L2A,sentinel-2b,16.15,golf fairway,0.1796,0.4232,0.4041,8,cloud medium probability,False
2025-07-10,S2C_18TWK_20250710_0_L2A,sentinel-2c,97.78,Institute Woods,0.5732,0.7016,0.1007,9,cloud high probability,False
2025-07-10,S2C_18TWK_20250710_0_L2A,sentinel-2c,97.78,campus lawn,0.516,0.648,0.1134,9,cloud high probability,False
2025-07-10,S2C_18TWK_20250710_0_L2A,sentinel-2c,97.78,golf fairway,0.4752,0.652,0.1568,9,cloud high probability,False
2025-07-12,S2A_18TWK_20250712_0_L2A,sentinel-2a,50.81,Institute Woods,0.6784,0.7464,0.0477,9,cloud high probability,False
2025-07-12,S2A_18TWK_20250712_0_L2A,sentinel-2a,50.81,campus lawn,0.0161,0.107,0.7384,3,cloud shadow,False
2025-07-12,S2A_18TWK_20250712_0_L2A,sentinel-2a,50.81,golf fairway,0.0318,0.4208,0.8595,4,vegetation,True
2025-07-13,S2C_18TWK_20250713_0_L2A,sentinel-2c,80.17,Institute Woods,1.0504,0.9968,-0.0262,9,cloud high probability,False
2025-07-13,S2C_18TWK_20250713_0_L2A,sentinel-2c,80.17,campus lawn,0.7848,0.764,-0.0134,9,cloud high probability,False
2025-07-13,S2C_18TWK_20250713_0_L2A,sentinel-2c,80.17,golf fairway,0.6456,0.674,0.0215,9,cloud high probability,False
2025-07-15,S2B_18TWK_20250715_0_L2A,sentinel-2b,65.2,Institute Woods,0.57,0.612,0.0355,9,cloud high probability,False
2025-07-15,S2B_18TWK_20250715_0_L2A,sentinel-2b,65.2,campus lawn,0.8224,0.7968,-0.0158,9,cloud high probability,False
2025-07-15,S2B_18TWK_20250715_0_L2A,sentinel-2b,65.2,golf fairway,0.952,0.9048,-0.0254,9,cloud high probability,False
2025-07-18,S2B_18TWK_20250718_0_L2A,sentinel-2b,99.49,Institute Woods,0.0356,0.1864,0.6793,3,cloud shadow,False
2025-07-18,S2B_18TWK_20250718_0_L2A,sentinel-2b,99.49,campus lawn,0.0899,0.2834,0.5183,10,thin cirrus,False
2025-07-18,S2B_18TWK_20250718_0_L2A,sentinel-2b,99.49,golf fairway,0.0636,0.2478,0.5915,10,thin cirrus,False
2025-07-20,S2C_18TWK_20250720_0_L2A,sentinel-2c,54.72,Institute Woods,0.748,0.7368,-0.0075,9,cloud high probability,False
2025-07-20,S2C_18TWK_20250720_0_L2A,sentinel-2c,54.72,campus lawn,0.0948,0.2166,0.3911,8,cloud medium probability,False
2025-07-20,S2C_18TWK_20250720_0_L2A,sentinel-2c,54.72,golf fairway,0.2858,0.3584,0.1127,9,cloud high probability,False
2025-07-23,S2C_18TWK_20250723_0_L2A,sentinel-2c,42.53,Institute Woods,0.0264,0.1114,0.6168,4,vegetation,True
2025-07-23,S2C_18TWK_20250723_0_L2A,sentinel-2c,42.53,campus lawn,0.0572,0.1548,0.4604,3,cloud shadow,False
2025-07-23,S2C_18TWK_20250723_0_L2A,sentinel-2c,42.53,golf fairway,0.0089,0.0974,0.8325,3,cloud shadow,False
2025-07-25,S2B_18TWK_20250725_0_L2A,sentinel-2b,1.04,Institute Woods,0.0251,0.346,0.8647,4,vegetation,True
2025-07-25,S2A_18TWK_20250725_1_L2A,sentinel-2a,4.37,Institute Woods,0.017,0.2976,0.8919,4,vegetation,True
2025-07-25,S2B_18TWK_20250725_0_L2A,sentinel-2b,1.04,campus lawn,0.0581,0.3884,0.7398,4,vegetation,True
2025-07-25,S2A_18TWK_20250725_1_L2A,sentinel-2a,4.37,campus lawn,0.045,0.3564,0.7758,4,vegetation,True
2025-07-25,S2B_18TWK_20250725_0_L2A,sentinel-2b,1.04,golf fairway,0.0205,0.2932,0.8693,4,vegetation,True
2025-07-25,S2A_18TWK_20250725_1_L2A,sentinel-2a,4.37,golf fairway,0.0177,0.2854,0.8832,4,vegetation,True
2025-07-28,S2B_18TWK_20250728_0_L2A,sentinel-2b,10.76,Institute Woods,0.0673,0.3508,0.6781,4,vegetation,True
2025-07-28,S2B_18TWK_20250728_0_L2A,sentinel-2b,10.76,campus lawn,0.8664,0.9192,0.0296,9,cloud high probability,False
2025-07-28,S2B_18TWK_20250728_0_L2A,sentinel-2b,10.76,golf fairway,0.0116,0.1082,0.8063,4,vegetation,True
2025-07-30,S2C_18TWK_20250730_0_L2A,sentinel-2c,22.06,Institute Woods,0.0313,0.3548,0.8379,4,vegetation,True
2025-07-30,S2C_18TWK_20250730_0_L2A,sentinel-2c,22.06,campus lawn,0.0617,0.3816,0.7216,4,vegetation,True
2025-07-30,S2C_18TWK_20250730_0_L2A,sentinel-2c,22.06,golf fairway,0.0289,0.3288,0.8384,4,vegetation,True
2025-08-01,S2A_18TWK_20250801_0_L2A,sentinel-2a,99.95,Institute Woods,0.9576,0.952,-0.0029,9,cloud high probability,False
2025-08-01,S2A_18TWK_20250801_0_L2A,sentinel-2a,99.95,campus lawn,1.0416,1.032,-0.0046,9,cloud high probability,False
2025-08-01,S2A_18TWK_20250801_0_L2A,sentinel-2a,99.95,golf fairway,0.9272,0.9208,-0.0035,9,cloud high probability,False
2025-08-02,S2C_18TWK_20250802_0_L2A,sentinel-2c,30.58,Institute Woods,0.0215,0.3032,0.8676,4,vegetation,True
2025-08-02,S2C_18TWK_20250802_0_L2A,sentinel-2c,30.58,campus lawn,0.0451,0.3704,0.7829,4,vegetation,True
2025-08-02,S2C_18TWK_20250802_0_L2A,sentinel-2c,30.58,golf fairway,0.0167,0.2872,0.8901,4,vegetation,True
2025-08-04,S2B_18TWK_20250804_0_L2A,sentinel-2b,0.65,Institute Woods,0.0361,0.3496,0.8128,4,vegetation,True
2025-08-04,S2B_18TWK_20250804_0_L2A,sentinel-2b,0.65,campus lawn,0.064,0.3828,0.7135,4,vegetation,True
2025-08-04,S2B_18TWK_20250804_0_L2A,sentinel-2b,0.65,golf fairway,0.0362,0.3388,0.8069,4,vegetation,True
2025-08-07,S2B_18TWK_20250807_0_L2A,sentinel-2b,18.02,Institute Woods,0.0958,0.2762,0.4849,7,unclassified,False
2025-08-07,S2B_18TWK_20250807_0_L2A,sentinel-2b,18.02,campus lawn,0.0708,0.3444,0.659,4,vegetation,True
2025-08-07,S2B_18TWK_20250807_0_L2A,sentinel-2b,18.02,golf fairway,0.0483,0.312,0.7319,4,vegetation,True
2025-08-09,S2C_18TWK_20250809_0_L2A,sentinel-2c,19.53,Institute Woods,0.0247,0.3816,0.8784,4,vegetation,True
2025-08-09,S2C_18TWK_20250809_0_L2A,sentinel-2c,19.53,campus lawn,0.0624,0.38,0.7179,4,vegetation,True
2025-08-09,S2C_18TWK_20250809_0_L2A,sentinel-2c,19.53,golf fairway,0.0241,0.32,0.8599,4,vegetation,True
2025-08-12,S2C_18TWK_20250812_0_L2A,sentinel-2c,30.36,Institute Woods,0.0106,0.0798,0.7655,4,vegetation,True
2025-08-12,S2C_18TWK_20250812_0_L2A,sentinel-2c,30.36,campus lawn,0.0752,0.4008,0.684,4,vegetation,True
2025-08-12,S2C_18TWK_20250812_0_L2A,sentinel-2c,30.36,golf fairway,0.6092,0.632,0.0184,9,cloud high probability,False
2025-08-14,S2B_18TWK_20250814_0_L2A,sentinel-2b,86.01,Institute Woods,0.0273,0.3992,0.872,4,vegetation,True
2025-08-14,S2A_18TWK_20250814_1_L2A,sentinel-2a,83.08,Institute Woods,0.0153,0.2548,0.8867,4,vegetation,True
2025-08-14,S2B_18TWK_20250814_0_L2A,sentinel-2b,86.01,campus lawn,0.0508,0.3176,0.7242,4,vegetation,True
2025-08-14,S2A_18TWK_20250814_1_L2A,sentinel-2a,83.08,campus lawn,0.067,0.3816,0.7013,4,vegetation,True
2025-08-14,S2B_18TWK_20250814_0_L2A,sentinel-2b,86.01,golf fairway,0.0254,0.396,0.8794,4,vegetation,True
2025-08-14,S2A_18TWK_20250814_1_L2A,sentinel-2a,83.08,golf fairway,0.0381,0.312,0.7823,4,vegetation,True
2025-08-17,S2B_18TWK_20250817_0_L2A,sentinel-2b,33.99,Institute Woods,0.0251,0.312,0.8511,4,vegetation,True
2025-08-17,S2B_18TWK_20250817_0_L2A,sentinel-2b,33.99,campus lawn,0.0381,0.1676,0.6296,4,vegetation,True
2025-08-17,S2B_18TWK_20250817_0_L2A,sentinel-2b,33.99,golf fairway,0.0192,0.3078,0.8826,4,vegetation,True
2025-08-19,S2C_18TWK_20250819_0_L2A,sentinel-2c,85.02,Institute Woods,0.7224,0.764,0.028,9,cloud high probability,False
2025-08-19,S2C_18TWK_20250819_0_L2A,sentinel-2c,85.02,campus lawn,0.438,0.5304,0.0954,9,cloud high probability,False
2025-08-19,S2C_18TWK_20250819_0_L2A,sentinel-2c,85.02,golf fairway,0.5932,0.6664,0.0581,9,cloud high probability,False
2025-08-21,S2A_18TWK_20250821_0_L2A,sentinel-2a,100.0,Institute Woods,0.8672,0.8712,0.0023,9,cloud high probability,False
2025-08-21,S2A_18TWK_20250821_0_L2A,sentinel-2a,100.0,campus lawn,0.896,0.888,-0.0045,9,cloud high probability,False
2025-08-21,S2A_18TWK_20250821_0_L2A,sentinel-2a,100.0,golf fairway,0.8256,0.8224,-0.0019,9,cloud high probability,False
2025-08-22,S2C_18TWK_20250822_0_L2A,sentinel-2c,0.03,Institute Woods,0.0184,0.3116,0.8885,4,vegetation,True
2025-08-22,S2C_18TWK_20250822_0_L2A,sentinel-2c,0.03,campus lawn,0.0457,0.3332,0.7588,4,vegetation,True
2025-08-22,S2C_18TWK_20250822_0_L2A,sentinel-2c,0.03,golf fairway,0.0088,0.2464,0.931,4,vegetation,True
2025-08-24,S2B_18TWK_20250824_0_L2A,sentinel-2b,48.53,Institute Woods,0.0436,0.416,0.8103,4,vegetation,True
2025-08-24,S2B_18TWK_20250824_0_L2A,sentinel-2b,48.53,campus lawn,0.2802,0.4232,0.2033,9,cloud high probability,False
2025-08-24,S2B_18TWK_20250824_0_L2A,sentinel-2b,48.53,golf fairway,0.0539,0.3888,0.7565,4,vegetation,True
2025-08-27,S2B_18TWK_20250827_0_L2A,sentinel-2b,7.54,Institute Woods,0.0178,0.3212,0.895,4,vegetation,True
2025-08-27,S2B_18TWK_20250827_0_L2A,sentinel-2b,7.54,campus lawn,0.0454,0.3584,0.7751,4,vegetation,True
2025-08-27,S2B_18TWK_20250827_0_L2A,sentinel-2b,7.54,golf fairway,0.014,0.2662,0.9001,4,vegetation,True
2025-08-29,S2C_18TWK_20250829_0_L2A,sentinel-2c,23.23,Institute Woods,0.0212,0.1294,0.7185,4,vegetation,True
2025-08-29,S2C_18TWK_20250829_0_L2A,sentinel-2c,23.23,campus lawn,0.0715,0.4396,0.7202,4,vegetation,True
2025-08-29,S2C_18TWK_20250829_0_L2A,sentinel-2c,23.23,golf fairway,0.0312,0.3984,0.8547,4,vegetation,True
2025-09-01,S2C_18TWK_20250901_0_L2A,sentinel-2c,45.05,Institute Woods,0.0319,0.3784,0.8445,4,vegetation,True
2025-09-01,S2C_18TWK_20250901_0_L2A,sentinel-2c,45.05,campus lawn,0.0547,0.295,0.6872,4,vegetation,True
2025-09-01,S2C_18TWK_20250901_0_L2A,sentinel-2c,45.05,golf fairway,0.3568,0.5424,0.2064,9,cloud high probability,False
2025-09-03,S2B_18TWK_20250903_0_L2A,sentinel-2b,44.64,Institute Woods,0.0284,0.34,0.8458,4,vegetation,True
2025-09-03,S2A_18TWK_20250903_1_L2A,sentinel-2a,39.66,Institute Woods,0.0534,0.3532,0.7373,10,thin cirrus,False
2025-09-03,S2B_18TWK_20250903_0_L2A,sentinel-2b,44.64,campus lawn,0.4916,0.6756,0.1576,9,cloud high probability,False
2025-09-03,S2A_18TWK_20250903_1_L2A,sentinel-2a,39.66,campus lawn,0.3056,0.4236,0.1618,8,cloud medium probability,False
2025-09-03,S2B_18TWK_20250903_0_L2A,sentinel-2b,44.64,golf fairway,0.6676,0.7984,0.0892,9,cloud high probability,False
2025-09-03,S2A_18TWK_20250903_1_L2A,sentinel-2a,39.66,golf fairway,0.2244,0.3764,0.253,8,cloud medium probability,False
2025-09-06,S2B_18TWK_20250906_0_L2A,sentinel-2b,58.32,Institute Woods,0.0384,0.3192,0.7852,4,vegetation,True
2025-09-06,S2B_18TWK_20250906_0_L2A,sentinel-2b,58.32,campus lawn,0.074,0.4184,0.6994,4,vegetation,True
2025-09-06,S2B_18TWK_20250906_0_L2A,sentinel-2b,58.32,golf fairway,0.0536,0.342,0.729,4,vegetation,True
2025-09-10,S2A_18TWK_20250910_0_L2A,sentinel-2a,99.68,Institute Woods,0.6488,0.6832,0.0258,9,cloud high probability,False
2025-09-10,S2A_18TWK_20250910_0_L2A,sentinel-2a,99.68,campus lawn,0.5556,0.5936,0.0331,9,cloud high probability,False
2025-09-10,S2A_18TWK_20250910_0_L2A,sentinel-2a,99.68,golf fairway,0.4796,0.5208,0.0412,9,cloud high probability,False
2025-09-11,S2C_18TWK_20250911_0_L2A,sentinel-2c,16.29,Institute Woods,0.0396,0.3108,0.774,10,thin cirrus,False
2025-09-11,S2C_18TWK_20250911_0_L2A,sentinel-2c,16.29,campus lawn,0.0668,0.3784,0.6999,10,thin cirrus,False
2025-09-11,S2C_18TWK_20250911_0_L2A,sentinel-2c,16.29,golf fairway,0.0483,0.2752,0.7014,10,thin cirrus,False
2025-09-13,S2B_18TWK_20250913_0_L2A,sentinel-2b,7.28,Institute Woods,0.0288,0.3452,0.846,4,vegetation,True
2025-09-13,S2B_18TWK_20250913_0_L2A,sentinel-2b,7.28,campus lawn,0.0493,0.4084,0.7846,4,vegetation,True
2025-09-13,S2B_18TWK_20250913_0_L2A,sentinel-2b,7.28,golf fairway,0.0178,0.2764,0.879,4,vegetation,True
2025-09-16,S2B_18TWK_20250916_0_L2A,sentinel-2b,97.53,Institute Woods,0.1242,0.2854,0.3936,7,unclassified,False
2025-09-16,S2B_18TWK_20250916_0_L2A,sentinel-2b,97.53,campus lawn,0.32,0.4364,0.1539,9,cloud high probability,False
2025-09-16,S2B_18TWK_20250916_0_L2A,sentinel-2b,97.53,golf fairway,0.3046,0.4312,0.1721,9,cloud high probability,False
2025-09-18,S2C_18TWK_20250918_0_L2A,sentinel-2c,26.51,Institute Woods,0.0231,0.3356,0.8712,4,vegetation,True
2025-09-18,S2C_18TWK_20250918_0_L2A,sentinel-2c,26.51,campus lawn,0.0394,0.4084,0.824,4,vegetation,True
2025-09-18,S2C_18TWK_20250918_0_L2A,sentinel-2c,26.51,golf fairway,0.0129,0.2406,0.8982,4,vegetation,True
2025-09-21,S2C_18TWK_20250921_0_L2A,sentinel-2c,91.39,Institute Woods,0.152,0.3584,0.4044,8,cloud medium probability,False
2025-09-21,S2C_18TWK_20250921_0_L2A,sentinel-2c,91.39,campus lawn,0.09,0.3208,0.5618,8,cloud medium probability,False
2025-09-21,S2C_18TWK_20250921_0_L2A,sentinel-2c,91.39,golf fairway,0.0792,0.28,0.559,8,cloud medium probability,False
2025-09-23,S2B_18TWK_20250923_1_L2A,sentinel-2b,25.96,Institute Woods,0.0355,0.334,0.8078,4,vegetation,True
2025-09-23,S2A_18TWK_20250923_0_L2A,sentinel-2a,16.62,Institute Woods,0.0718,0.2784,0.5899,4,vegetation,True
2025-09-23,S2B_18TWK_20250923_1_L2A,sentinel-2b,25.96,campus lawn,0.0422,0.4288,0.8208,4,vegetation,True
2025-09-23,S2A_18TWK_20250923_0_L2A,sentinel-2a,16.62,campus lawn,0.1404,0.3336,0.4076,10,thin cirrus,False
2025-09-23,S2B_18TWK_20250923_1_L2A,sentinel-2b,25.96,golf fairway,0.0256,0.2544,0.8171,4,vegetation,True
2025-09-23,S2A_18TWK_20250923_0_L2A,sentinel-2a,16.62,golf fairway,0.0842,0.2824,0.5406,10,thin cirrus,False
2025-09-26,S2B_18TWK_20250926_0_L2A,sentinel-2b,18.17,Institute Woods,0.0256,0.3132,0.8489,4,vegetation,True
2025-09-26,S2B_18TWK_20250926_0_L2A,sentinel-2b,18.17,campus lawn,0.0307,0.4084,0.8602,4,vegetation,True
2025-09-26,S2B_18TWK_20250926_0_L2A,sentinel-2b,18.17,golf fairway,0.0146,0.2466,0.8882,4,vegetation,True
2025-09-28,S2C_18TWK_20250928_0_L2A,sentinel-2c,19.01,Institute Woods,0.0266,0.32,0.8465,4,vegetation,True
2025-09-28,S2C_18TWK_20250928_0_L2A,sentinel-2c,19.01,campus lawn,0.0464,0.4208,0.8014,4,vegetation,True
2025-09-28,S2C_18TWK_20250928_0_L2A,sentinel-2c,19.01,golf fairway,0.014,0.2386,0.8892,4,vegetation,True
2025-09-30,S2A_18TWK_20250930_0_L2A,sentinel-2a,99.15,Institute Woods,0.4,0.5104,0.1213,9,cloud high probability,False
2025-09-30,S2A_18TWK_20250930_0_L2A,sentinel-2a,99.15,campus lawn,0.4124,0.5328,0.1274,9,cloud high probability,False
2025-09-30,S2A_18TWK_20250930_0_L2A,sentinel-2a,99.15,golf fairway,0.4084,0.5264,0.1262,9,cloud high probability,False
2025-10-01,S2C_18TWK_20251001_0_L2A,sentinel-2c,1.82,Institute Woods,0.0233,0.3228,0.8654,4,vegetation,True
2025-10-01,S2C_18TWK_20251001_0_L2A,sentinel-2c,1.82,campus lawn,0.03,0.4416,0.8728,4,vegetation,True
2025-10-01,S2C_18TWK_20251001_0_L2A,sentinel-2c,1.82,golf fairway,0.0075,0.2278,0.9363,4,vegetation,True
2025-10-03,S2B_18TWK_20251003_0_L2A,sentinel-2b,31.9,Institute Woods,0.0363,0.3124,0.7918,4,vegetation,True
2025-10-03,S2B_18TWK_20251003_0_L2A,sentinel-2b,31.9,campus lawn,0.04,0.4572,0.8391,4,vegetation,True
2025-10-03,S2B_18TWK_20251003_0_L2A,sentinel-2b,31.9,golf fairway,0.0282,0.2574,0.8025,4,vegetation,True
2025-10-06,S2B_18TWK_20251006_1_L2A,sentinel-2b,0.14,Institute Woods,0.0275,0.3056,0.8349,4,vegetation,True
2025-10-06,S2B_18TWK_20251006_1_L2A,sentinel-2b,0.14,campus lawn,0.0318,0.4332,0.8632,4,vegetation,True
2025-10-06,S2B_18TWK_20251006_1_L2A,sentinel-2b,0.14,golf fairway,0.0111,0.2194,0.9037,4,vegetation,True
2025-10-08,S2C_18TWK_20251008_0_L2A,sentinel-2c,98.41,Institute Woods,0.1678,0.2066,0.1036,8,cloud medium probability,False
2025-10-08,S2C_18TWK_20251008_0_L2A,sentinel-2c,98.41,campus lawn,0.3496,0.4,0.0672,9,cloud high probability,False
2025-10-08,S2C_18TWK_20251008_0_L2A,sentinel-2c,98.41,golf fairway,0.1336,0.1914,0.1778,8,cloud medium probability,False
2025-10-11,S2C_18TWK_20251011_0_L2A,sentinel-2c,98.96,Institute Woods,0.626,0.684,0.0443,9,cloud high probability,False
2025-10-11,S2C_18TWK_20251011_0_L2A,sentinel-2c,98.96,campus lawn,0.704,0.7728,0.0466,9,cloud high probability,False
2025-10-11,S2C_18TWK_20251011_0_L2A,sentinel-2c,98.96,golf fairway,0.6512,0.7208,0.0507,9,cloud high probability,False
2025-10-13,S2B_18TWK_20251013_1_L2A,sentinel-2b,99.71,Institute Woods,0.4964,0.5068,0.0104,9,cloud high probability,False
2025-10-13,S2A_18TWK_20251013_0_L2A,sentinel-2a,99.74,Institute Woods,0.648,0.6968,0.0363,9,cloud high probability,False
2025-10-13,S2B_18TWK_20251013_1_L2A,sentinel-2b,99.71,campus lawn,0.8904,0.9032,0.0071,9,cloud high probability,False
2025-10-13,S2A_18TWK_20251013_0_L2A,sentinel-2a,99.74,campus lawn,0.7696,0.7616,-0.0052,9,cloud high probability,False
2025-10-13,S2B_18TWK_20251013_1_L2A,sentinel-2b,99.71,golf fairway,0.6392,0.6776,0.0292,9,cloud high probability,False
2025-10-13,S2A_18TWK_20251013_0_L2A,sentinel-2a,99.74,golf fairway,0.7488,0.7568,0.0053,9,cloud high probability,False
2025-10-16,S2B_18TWK_20251016_0_L2A,sentinel-2b,0.03,Institute Woods,0.0345,0.3038,0.796,4,vegetation,True
2025-10-16,S2B_18TWK_20251016_0_L2A,sentinel-2b,0.03,campus lawn,0.0329,0.4464,0.8627,4,vegetation,True
2025-10-16,S2B_18TWK_20251016_0_L2A,sentinel-2b,0.03,golf fairway,0.0038,0.2358,0.9683,4,vegetation,True
2025-10-18,S2C_18TWK_20251018_0_L2A,sentinel-2c,39.86,Institute Woods,0.0538,0.3464,0.7311,4,vegetation,True
2025-10-18,S2C_18TWK_20251018_0_L2A,sentinel-2c,39.86,campus lawn,0.0391,0.3556,0.8019,4,vegetation,True
2025-10-18,S2C_18TWK_20251018_0_L2A,sentinel-2c,39.86,golf fairway,0.0228,0.218,0.8106,4,vegetation,True
2025-10-20,S2A_18TWK_20251020_0_L2A,sentinel-2a,76.04,Institute Woods,0.0412,0.1538,0.5774,4,vegetation,True
2025-10-20,S2A_18TWK_20251020_0_L2A,sentinel-2a,76.04,campus lawn,0.1682,0.3764,0.3823,8,cloud medium probability,False
2025-10-20,S2A_18TWK_20251020_0_L2A,sentinel-2a,76.04,golf fairway,0.042,0.2706,0.7313,4,vegetation,True
2025-10-21,S2C_18TWK_20251021_0_L2A,sentinel-2c,1.57,Institute Woods,0.0538,0.3018,0.6974,4,vegetation,True
2025-10-21,S2C_18TWK_20251021_0_L2A,sentinel-2c,1.57,campus lawn,0.0344,0.458,0.8603,4,vegetation,True
2025-10-21,S2C_18TWK_20251021_0_L2A,sentinel-2c,1.57,golf fairway,0.004,0.216,0.9636,4,vegetation,True
2025-10-23,S2B_18TWK_20251023_0_L2A,sentinel-2b,35.49,Institute Woods,0.1116,0.3196,0.4824,8,cloud medium probability,False
2025-10-23,S2B_18TWK_20251023_0_L2A,sentinel-2b,35.49,campus lawn,0.0412,0.388,0.808,4,vegetation,True
2025-10-23,S2B_18TWK_20251023_0_L2A,sentinel-2b,35.49,golf fairway,0.0298,0.293,0.8154,4,vegetation,True
2025-10-26,S2B_18TWK_20251026_0_L2A,sentinel-2b,23.3,Institute Woods,0.0674,0.2722,0.6031,4,vegetation,True
2025-10-26,S2B_18TWK_20251026_0_L2A,sentinel-2b,23.3,campus lawn,0.0312,0.2722,0.7943,4,vegetation,True
2025-10-26,S2B_18TWK_20251026_0_L2A,sentinel-2b,23.3,golf fairway,0.0155,0.2444,0.8807,4,vegetation,True
2025-10-28,S2C_18TWK_20251028_0_L2A,sentinel-2c,99.94,Institute Woods,0.3384,0.4704,0.1632,9,cloud high probability,False
2025-10-28,S2C_18TWK_20251028_0_L2A,sentinel-2c,99.94,campus lawn,0.4444,0.5104,0.0691,9,cloud high probability,False
2025-10-28,S2C_18TWK_20251028_0_L2A,sentinel-2c,99.94,golf fairway,0.606,0.66,0.0427,9,cloud high probability,False
2025-10-31,S2C_18TWK_20251031_0_L2A,sentinel-2c,71.4,Institute Woods,0.3094,0.3332,0.037,8,cloud medium probability,False
2025-10-31,S2C_18TWK_20251031_0_L2A,sentinel-2c,71.4,campus lawn,0.2702,0.372,0.1585,9,cloud high probability,False
2025-10-31,S2C_18TWK_20251031_0_L2A,sentinel-2c,71.4,golf fairway,0.242,0.31,0.1232,8,cloud medium probability,False
2025-11-02,S2B_18TWK_20251102_1_L2A,sentinel-2b,0.14,Institute Woods,0.0832,0.2442,0.4918,5,not vegetated,True
2025-11-02,S2A_18TWK_20251102_2_L2A,sentinel-2a,0.03,Institute Woods,0.0736,0.218,0.4952,5,not vegetated,True
2025-11-02,S2B_18TWK_20251102_1_L2A,sentinel-2b,0.14,campus lawn,0.0291,0.4068,0.8665,4,vegetation,True
2025-11-02,S2A_18TWK_20251102_2_L2A,sentinel-2a,0.03,campus lawn,0.0268,0.3788,0.8679,4,vegetation,True
2025-11-02,S2B_18TWK_20251102_1_L2A,sentinel-2b,0.14,golf fairway,0.0144,0.2458,0.8893,4,vegetation,True
2025-11-02,S2A_18TWK_20251102_2_L2A,sentinel-2a,0.03,golf fairway,0.0118,0.2226,0.8993,4,vegetation,True
2025-11-05,S2B_18TWK_20251105_0_L2A,sentinel-2b,55.42,Institute Woods,0.115,0.2058,0.283,10,thin cirrus,False
2025-11-05,S2B_18TWK_20251105_0_L2A,sentinel-2b,55.42,campus lawn,0.0608,0.2254,0.5751,10,thin cirrus,False
2025-11-05,S2B_18TWK_20251105_0_L2A,sentinel-2b,55.42,golf fairway,0.0979,0.3008,0.5089,10,thin cirrus,False
2025-11-07,S2C_18TWK_20251107_0_L2A,sentinel-2c,99.66,Institute Woods,0.1808,0.2818,0.2183,8,cloud medium probability,False
2025-11-07,S2C_18TWK_20251107_0_L2A,sentinel-2c,99.66,campus lawn,0.2282,0.416,0.2915,8,cloud medium probability,False
2025-11-07,S2C_18TWK_20251107_0_L2A,sentinel-2c,99.66,golf fairway,0.192,0.3704,0.3172,8,cloud medium probability,False
2025-11-09,S2A_18TWK_20251109_0_L2A,sentinel-2a,97.22,Institute Woods,0.6304,0.6164,-0.0112,8,cloud medium probability,False
2025-11-09,S2A_18TWK_20251109_0_L2A,sentinel-2a,97.22,campus lawn,1.2824,1.2816,-0.0003,9,cloud high probability,False
2025-11-09,S2A_18TWK_20251109_0_L2A,sentinel-2a,97.22,golf fairway,0.896,0.84,-0.0323,9,cloud high probability,False
2025-11-10,S2C_18TWK_20251110_0_L2A,sentinel-2c,99.68,Institute Woods,1.0504,1.0936,0.0201,8,cloud medium probability,False
2025-11-10,S2C_18TWK_20251110_0_L2A,sentinel-2c,99.68,campus lawn,0.692,0.7984,0.0714,10,thin cirrus,False
2025-11-10,S2C_18TWK_20251110_0_L2A,sentinel-2c,99.68,golf fairway,0.5484,0.5372,-0.0103,8,cloud medium probability,False
2025-11-12,S2B_18TWK_20251112_0_L2A,sentinel-2b,100.0,Institute Woods,0.67,0.672,0.0015,9,cloud high probability,False
2025-11-12,S2B_18TWK_20251112_0_L2A,sentinel-2b,100.0,campus lawn,0.8576,0.8888,0.0179,9,cloud high probability,False
2025-11-12,S2B_18TWK_20251112_0_L2A,sentinel-2b,100.0,golf fairway,0.736,0.7568,0.0139,9,cloud high probability,False
2025-11-15,S2B_18TWK_20251115_0_L2A,sentinel-2b,78.13,Institute Woods,0.0939,0.142,0.2039,10,thin cirrus,False
2025-11-15,S2B_18TWK_20251115_0_L2A,sentinel-2b,78.13,campus lawn,0.0712,0.3116,0.628,10,thin cirrus,False
2025-11-15,S2B_18TWK_20251115_0_L2A,sentinel-2b,78.13,golf fairway,0.068,0.1802,0.4521,10,thin cirrus,False
2025-11-17,S2C_18TWK_20251117_0_L2A,sentinel-2c,39.62,Institute Woods,0.4244,0.5508,0.1296,8,cloud medium probability,False
2025-11-17,S2C_18TWK_20251117_0_L2A,sentinel-2c,39.62,campus lawn,0.5648,0.6248,0.0504,9,cloud high probability,False
2025-11-17,S2C_18TWK_20251117_0_L2A,sentinel-2c,39.62,golf fairway,0.4908,0.5524,0.059,9,cloud high probability,False
2025-11-20,S2C_18TWK_20251120_0_L2A,sentinel-2c,78.91,Institute Woods,0.3056,0.3892,0.1203,8,cloud medium probability,False
2025-11-20,S2C_18TWK_20251120_0_L2A,sentinel-2c,78.91,campus lawn,0.4096,0.474,0.0729,9,cloud high probability,False
2025-11-20,S2C_18TWK_20251120_0_L2A,sentinel-2c,78.91,golf fairway,0.2744,0.4432,0.2352,8,cloud medium probability,False
2025-11-22,S2B_18TWK_20251122_1_L2A,sentinel-2b,99.99,Institute Woods,0.6528,0.7344,0.0588,9,cloud high probability,False
2025-11-22,S2A_18TWK_20251122_0_L2A,sentinel-2a,100.0,Institute Woods,0.4472,0.4444,-0.0031,9,cloud high probability,False
2025-11-22,S2B_18TWK_20251122_1_L2A,sentinel-2b,99.99,campus lawn,0.642,0.6636,0.0165,9,cloud high probability,False
2025-11-22,S2A_18TWK_20251122_0_L2A,sentinel-2a,100.0,campus lawn,0.4336,0.4668,0.0369,9,cloud high probability,False
2025-11-22,S2B_18TWK_20251122_1_L2A,sentinel-2b,99.99,golf fairway,0.6532,0.6856,0.0242,9,cloud high probability,False
2025-11-22,S2A_18TWK_20251122_0_L2A,sentinel-2a,100.0,golf fairway,0.4168,0.42,0.0038,9,cloud high probability,False
2025-11-25,S2B_18TWK_20251125_0_L2A,sentinel-2b,99.74,Institute Woods,0.558,0.6152,0.0488,8,cloud medium probability,False
2025-11-25,S2B_18TWK_20251125_0_L2A,sentinel-2b,99.74,campus lawn,0.498,0.5708,0.0681,8,cloud medium probability,False
2025-11-25,S2B_18TWK_20251125_0_L2A,sentinel-2b,99.74,golf fairway,0.5192,0.5956,0.0685,8,cloud medium probability,False
2025-11-27,S2C_18TWK_20251127_0_L2A,sentinel-2c,45.36,Institute Woods,0.2414,0.3256,0.1485,8,cloud medium probability,False
2025-11-27,S2C_18TWK_20251127_0_L2A,sentinel-2c,45.36,campus lawn,0.2446,0.3916,0.2311,8,cloud medium probability,False
2025-11-27,S2C_18TWK_20251127_0_L2A,sentinel-2c,45.36,golf fairway,0.2618,0.394,0.2016,9,cloud high probability,False
2025-11-29,S2A_18TWK_20251129_0_L2A,sentinel-2a,0.17,Institute Woods,0.0566,0.1492,0.45,5,not vegetated,True
2025-11-29,S2A_18TWK_20251129_0_L2A,sentinel-2a,0.17,campus lawn,0.0318,0.4732,0.8741,4,vegetation,True
2025-11-29,S2A_18TWK_20251129_0_L2A,sentinel-2a,0.17,golf fairway,0.0683,0.2652,0.5904,4,vegetation,True
2025-11-30,S2C_18TWK_20251130_0_L2A,sentinel-2c,100.0,Institute Woods,0.8368,0.9144,0.0443,9,cloud high probability,False
2025-11-30,S2C_18TWK_20251130_0_L2A,sentinel-2c,100.0,campus lawn,0.6576,0.702,0.0327,9,cloud high probability,False
2025-11-30,S2C_18TWK_20251130_0_L2A,sentinel-2c,100.0,golf fairway,0.748,0.804,0.0361,9,cloud high probability,False
2025-12-02,S2B_18TWK_20251202_0_L2A,sentinel-2b,100.0,Institute Woods,0.8664,0.9176,0.0287,8,cloud medium probability,False
2025-12-02,S2B_18TWK_20251202_0_L2A,sentinel-2b,100.0,campus lawn,0.8872,0.9216,0.019,8,cloud medium probability,False
2025-12-02,S2B_18TWK_20251202_0_L2A,sentinel-2b,100.0,golf fairway,0.9032,0.9392,0.0195,8,cloud medium probability,False
2025-12-05,S2B_18TWK_20251205_0_L2A,sentinel-2b,95.45,Institute Woods,0.6452,0.6764,0.0236,9,cloud high probability,False
2025-12-05,S2B_18TWK_20251205_0_L2A,sentinel-2b,95.45,campus lawn,0.6436,0.6488,0.004,9,cloud high probability,False
2025-12-05,S2B_18TWK_20251205_0_L2A,sentinel-2b,95.45,golf fairway,0.6152,0.6568,0.0327,9,cloud high probability,False
2025-12-07,S2C_18TWK_20251207_0_L2A,sentinel-2c,16.05,Institute Woods,0.121,0.2128,0.275,10,thin cirrus,False
2025-12-07,S2C_18TWK_20251207_0_L2A,sentinel-2c,16.05,campus lawn,0.0946,0.33,0.5544,10,thin cirrus,False
2025-12-07,S2C_18TWK_20251207_0_L2A,sentinel-2c,16.05,golf fairway,0.122,0.3596,0.4934,10,thin cirrus,False
2025-12-10,S2C_18TWK_20251210_0_L2A,sentinel-2c,100.0,Institute Woods,0.2392,0.3038,0.119,8,cloud medium probability,False
2025-12-10,S2C_18TWK_20251210_0_L2A,sentinel-2c,100.0,campus lawn,0.2194,0.3268,0.1966,8,cloud medium probability,False
2025-12-10,S2C_18TWK_20251210_0_L2A,sentinel-2c,100.0,golf fairway,0.2282,0.3264,0.1771,8,cloud medium probability,False
2025-12-12,S2B_18TWK_20251212_1_L2A,sentinel-2b,16.69,Institute Woods,0.056,0.1418,0.4338,5,not vegetated,True
2025-12-12,S2A_18TWK_20251212_0_L2A,sentinel-2a,12.57,Institute Woods,0.0506,0.1284,0.4346,5,not vegetated,True
2025-12-12,S2B_18TWK_20251212_1_L2A,sentinel-2b,16.69,campus lawn,0.0432,0.4816,0.8354,4,vegetation,True
2025-12-12,S2A_18TWK_20251212_0_L2A,sentinel-2a,12.57,campus lawn,0.0382,0.4592,0.8464,4,vegetation,True
2025-12-12,S2B_18TWK_20251212_1_L2A,sentinel-2b,16.69,golf fairway,0.0598,0.267,0.634,4,vegetation,True
2025-12-12,S2A_18TWK_20251212_0_L2A,sentinel-2a,12.57,golf fairway,0.0495,0.2434,0.662,4,vegetation,True
2025-12-15,S2B_18TWK_20251215_0_L2A,sentinel-2b,27.1,Institute Woods,0.1897,0.259,0.1544,5,not vegetated,True
2025-12-15,S2B_18TWK_20251215_0_L2A,sentinel-2b,27.1,campus lawn,0.9232,0.9216,-0.0009,11,snow or ice,False
2025-12-15,S2B_18TWK_20251215_0_L2A,sentinel-2b,27.1,golf fairway,0.3145,0.4256,0.1501,11,snow or ice,False
2025-12-17,S2C_18TWK_20251217_0_L2A,sentinel-2c,99.6,Institute Woods,0.5936,0.6144,0.0172,9,cloud high probability,False
2025-12-17,S2C_18TWK_20251217_0_L2A,sentinel-2c,99.6,campus lawn,0.4736,0.506,0.0331,9,cloud high probability,False
2025-12-17,S2C_18TWK_20251217_0_L2A,sentinel-2c,99.6,golf fairway,0.498,0.5348,0.0356,9,cloud high probability,False
2025-12-19,S2A_18TWK_20251219_0_L2A,sentinel-2a,98.22,Institute Woods,0.7856,0.8656,0.0484,9,cloud high probability,False
2025-12-19,S2A_18TWK_20251219_0_L2A,sentinel-2a,98.22,campus lawn,0.68,0.6772,-0.0021,9,cloud high probability,False
2025-12-19,S2A_18TWK_20251219_0_L2A,sentinel-2a,98.22,golf fairway,1.0176,1.0216,0.002,9,cloud high probability,False
2025-12-20,S2C_18TWK_20251220_0_L2A,sentinel-2c,46.63,Institute Woods,0.147,0.2652,0.2868,10,thin cirrus,False
2025-12-20,S2C_18TWK_20251220_0_L2A,sentinel-2c,46.63,campus lawn,0.1454,0.424,0.4893,10,thin cirrus,False
2025-12-20,S2C_18TWK_20251220_0_L2A,sentinel-2c,46.63,golf fairway,0.1448,0.3396,0.4021,10,thin cirrus,False
2025-12-22,S2B_18TWK_20251222_0_L2A,sentinel-2b,0.13,Institute Woods,0.0633,0.147,0.398,5,not vegetated,True
2025-12-22,S2B_18TWK_20251222_0_L2A,sentinel-2b,0.13,campus lawn,0.0578,0.4852,0.7871,4,vegetation,True
2025-12-22,S2B_18TWK_20251222_0_L2A,sentinel-2b,0.13,golf fairway,0.0774,0.2622,0.5442,4,vegetation,True
2025-12-25,S2B_18TWK_20251225_0_L2A,sentinel-2b,99.9,Institute Woods,0.6476,0.7144,0.049,9,cloud high probability,False
2025-12-25,S2B_18TWK_20251225_0_L2A,sentinel-2b,99.9,campus lawn,0.6812,0.7128,0.0227,9,cloud high probability,False
2025-12-25,S2B_18TWK_20251225_0_L2A,sentinel-2b,99.9,golf fairway,0.5396,0.5704,0.0277,9,cloud high probability,False
2025-12-27,S2C_18TWK_20251227_0_L2A,sentinel-2c,99.96,Institute Woods,0.652,0.6836,0.0237,9,cloud high probability,False
2025-12-27,S2C_18TWK_20251227_0_L2A,sentinel-2c,99.96,campus lawn,0.5976,0.6156,0.0148,9,cloud high probability,False
2025-12-27,S2C_18TWK_20251227_0_L2A,sentinel-2c,99.96,golf fairway,0.5936,0.6236,0.0246,9,cloud high probability,False
2025-12-30,S2C_18TWK_20251230_0_L2A,sentinel-2c,49.97,Institute Woods,0.2322,0.3364,0.1833,8,cloud medium probability,False
2025-12-30,S2C_18TWK_20251230_0_L2A,sentinel-2c,49.97,campus lawn,0.382,0.4484,0.08,9,cloud high probability,False
2025-12-30,S2C_18TWK_20251230_0_L2A,sentinel-2c,49.97,golf fairway,0.1802,0.3688,0.3435,8,cloud medium probability,False
