file,bytes,width,height,camera_model,aircraft,time_local,time_offset,focal_mm,focal_35mm_equivalent,exposure_s,f_number,iso,lat,lon,gps_alt_m,rel_alt_m,abs_alt_m,gimbal_pitch_deg,gimbal_yaw_deg,flight_yaw_deg,flight_pitch_deg,flight_roll_deg,time_utc,easting,northing,crs,seconds_from_previous,metres_from_previous,bearing_from_previous_deg,speed_m_s
DJI_0493.JPG,4181976,4000,2250,FC3682,DJI Mini 3,2026-09-17 17:10:53,,6.72,24,0.005,1.7,100,40.34359086111111,-74.65546830555556,76.35,82.3,76.35,0.0,0.0,-117.8,-10.1,-2.0,2026-09-17 21:10:53,529261.22,4465950.53,EPSG:32618,,,,
DJI_0494.JPG,4127094,4000,2250,FC3682,DJI Mini 3,2026-09-17 17:10:58,,6.72,24,0.00625,1.7,100,40.34348138888889,-74.65534577777778,76.75,82.7,76.75,0.0,0.0,-118.6,-6.5,14.0,2026-09-17 21:10:58,529271.67,4465938.42,EPSG:32618,5.0,16.0,139.2,3.2
DJI_0495.JPG,4144259,4000,2250,FC3682,DJI Mini 3,2026-09-17 17:11:03,,6.72,24,0.00625,1.7,100,40.34347322222222,-74.6553326388889,76.55,82.5,76.55,0.0,0.0,-117.3,-8.5,-2.9,2026-09-17 21:11:03,529272.79,4465937.52,EPSG:32618,5.0,1.44,128.8,0.29
DJI_0496.JPG,4069777,4000,2250,FC3682,DJI Mini 3,2026-09-17 17:11:08,,6.72,24,0.00625,1.7,100,40.34351433333334,-74.65523575,77.05,83.0,77.05,0.0,0.0,-117.7,11.1,-3.9,2026-09-17 21:11:08,529281.0,4465942.11,EPSG:32618,5.0,9.41,60.8,1.88
DJI_0497.JPG,3999381,4000,2250,FC3682,DJI Mini 3,2026-09-17 17:11:13,,6.72,24,0.00625,1.7,100,40.34369513888889,-74.65478680555556,76.95,82.9,76.95,0.0,0.0,-117.8,9.0,-3.9,2026-09-17 21:11:13,529319.05,4465962.33,EPSG:32618,5.0,43.09,62.0,8.62
DJI_0498.JPG,3953603,4000,2250,FC3682,DJI Mini 3,2026-09-17 17:11:18,,6.72,24,0.00625,1.7,100,40.343904916666666,-74.6542603888889,76.45,82.4,76.45,0.0,0.0,-117.7,8.5,-2.9,2026-09-17 21:11:18,529363.67,4465985.79,EPSG:32618,5.0,50.41,62.3,10.08
DJI_0499.JPG,4356122,4000,2250,FC3682,DJI Mini 3,2026-09-17 17:11:23,,6.72,24,0.005,1.7,100,40.34410811111111,-74.65374636111112,76.35,82.3,76.35,0.0,0.0,-117.7,-0.4,-1.3,2026-09-17 21:11:23,529407.24,4466008.52,EPSG:32618,5.0,49.14,62.4,9.83
DJI_0500.JPG,4371394,4000,2250,FC3682,DJI Mini 3,2026-09-17 17:11:28,,6.72,24,0.005,1.7,100,40.34422330555556,-74.65346191666667,76.35,82.3,76.35,0.0,0.0,-117.4,-23.3,-0.4,2026-09-17 21:11:28,529431.35,4466021.4,EPSG:32618,5.0,27.33,61.9,5.47
DJI_0501.JPG,4340140,4000,2250,FC3682,DJI Mini 3,2026-09-17 17:11:33,,6.72,24,0.005,1.7,100,40.34420163888889,-74.65339483333334,76.25,82.2,76.25,0.0,0.0,-116.6,-5.1,-14.6,2026-09-17 21:11:33,529437.06,4466019.01,EPSG:32618,5.0,6.19,112.7,1.24
DJI_0502.JPG,4061177,4000,2250,FC3682,DJI Mini 3,2026-09-17 17:11:38,,6.72,24,0.005,1.7,100,40.34402058333333,-74.65321872222223,76.45,82.4,76.45,0.0,0.0,-118.8,-9.2,13.8,2026-09-17 21:11:38,529452.09,4465998.98,EPSG:32618,5.0,25.04,143.1,5.01
DJI_0503.JPG,3966628,4000,2250,FC3682,DJI Mini 3,2026-09-17 17:11:43,,6.72,24,0.005,1.7,100,40.34400333333333,-74.65326016666667,76.25,82.2,76.25,0.0,0.0,-117.2,-24.6,-1.6,2026-09-17 21:11:43,529448.58,4465997.05,EPSG:32618,5.0,4.01,241.2,0.8
DJI_0504.JPG,4037132,4000,2250,FC3682,DJI Mini 3,2026-09-17 17:11:48,,6.72,24,0.00625,1.7,100,40.34392536111111,-74.65349802777779,76.15,82.1,76.15,0.0,0.0,-116.8,-23.9,-4.9,2026-09-17 21:11:48,529428.41,4465988.31,EPSG:32618,5.0,21.98,246.6,4.4
DJI_0505.JPG,4144635,4000,2250,FC3682,DJI Mini 3,2026-09-17 17:11:53,,6.72,24,0.00625,1.7,100,40.34379358333334,-74.65387202777778,75.85,81.8,75.85,0.0,0.0,-117.9,24.9,-1.0,2026-09-17 21:11:53,529396.7,4465973.56,EPSG:32618,5.0,34.97,245.1,6.99
DJI_0506.JPG,4426202,4000,2250,FC3682,DJI Mini 3,2026-09-17 17:11:58,,6.72,24,0.00625,1.7,100,40.34369891666667,-74.65412555555557,76.35,82.3,76.35,0.0,0.0,-116.7,-24.7,-2.6,2026-09-17 21:11:58,529375.21,4465962.97,EPSG:32618,5.0,23.96,243.8,4.79
DJI_0507.JPG,3991350,4000,2250,FC3682,DJI Mini 3,2026-09-17 17:12:03,,6.72,24,0.00625,1.7,100,40.343581,-74.65443988888889,76.55,82.5,76.55,0.0,0.0,-116.9,-23.6,-1.7,2026-09-17 21:12:03,529348.57,4465949.78,EPSG:32618,5.0,29.73,243.7,5.95
DJI_0508.JPG,3961878,4000,2250,FC3682,DJI Mini 3,2026-09-17 17:12:08,,6.72,24,0.00625,1.7,100,40.343464583333336,-74.6547455,76.35,82.3,76.35,0.0,0.0,-116.9,-23.6,-2.9,2026-09-17 21:12:08,529322.66,4465936.76,EPSG:32618,5.0,29.0,243.3,5.8
DJI_0509.JPG,4035756,4000,2250,FC3682,DJI Mini 3,2026-09-17 17:12:13,,6.72,24,0.00625,1.7,100,40.34334563888889,-74.65506544444445,76.45,82.4,76.45,0.0,0.0,-117.5,24.6,-0.9,2026-09-17 21:12:13,529295.54,4465923.45,EPSG:32618,5.0,30.21,243.9,6.04
DJI_0510.JPG,3965379,4000,2250,FC3682,DJI Mini 3,2026-09-17 17:12:18,,6.72,24,0.00625,1.7,100,40.34325230555556,-74.65533561111111,76.65,82.6,76.65,0.0,0.0,-116.5,-24.3,-4.1,2026-09-17 21:12:18,529272.64,4465913.0,EPSG:32618,5.0,25.17,245.5,5.03
DJI_0511.JPG,4044524,4000,2250,FC3682,DJI Mini 3,2026-09-17 17:12:23,,6.72,24,0.005,1.7,100,40.343144833333334,-74.65563852777778,76.15,82.1,76.15,0.0,0.0,-117.4,20.9,-1.1,2026-09-17 21:12:23,529246.96,4465900.97,EPSG:32618,5.0,28.36,244.9,5.67
DJI_0512.JPG,4144325,4000,2250,FC3682,DJI Mini 3,2026-09-17 17:12:28,,6.72,24,0.005,1.7,100,40.343107361111116,-74.65575675000001,77.05,83.0,77.05,0.0,0.0,-117.3,-8.0,-3.1,2026-09-17 21:12:28,529236.93,4465896.77,EPSG:32618,5.0,10.87,247.3,2.17
DJI_0513.JPG,4016401,4000,2250,FC3682,DJI Mini 3,2026-09-17 17:12:33,,6.72,24,0.005,1.7,100,40.34299472222222,-74.65564361111112,77.05,83.0,77.05,0.0,0.0,-116.8,-4.0,-14.7,2026-09-17 21:12:33,529246.59,4465884.3,EPSG:32618,5.0,15.77,142.2,3.15
DJI_0514.JPG,4345618,4000,2250,FC3682,DJI Mini 3,2026-09-17 17:12:38,,6.72,24,0.004166666666666667,1.7,100,40.34280152777778,-74.65545872222222,76.95,82.9,76.95,0.0,0.0,-118.2,-4.8,14.4,2026-09-17 21:12:38,529262.37,4465862.92,EPSG:32618,5.0,26.57,143.6,5.31
DJI_0515.JPG,4238665,4000,2250,FC3682,DJI Mini 3,2026-09-17 17:12:43,,6.72,24,0.004166666666666667,1.7,100,40.342883444444446,-74.6552571388889,77.25,83.2,77.25,0.0,0.0,-117.8,14.1,-2.9,2026-09-17 21:12:43,529279.46,4465872.08,EPSG:32618,5.0,19.39,61.8,3.88
DJI_0516.JPG,4325505,4000,2250,FC3682,DJI Mini 3,2026-09-17 17:12:48,,6.72,24,0.005,1.7,100,40.34302588888889,-74.65491072222223,76.45,82.4,76.45,0.0,0.0,-117.2,-7.3,-2.0,2026-09-17 21:12:48,529308.82,4465888.01,EPSG:32618,5.0,33.4,61.5,6.68
DJI_0517.JPG,4413740,4000,2250,FC3682,DJI Mini 3,2026-09-17 17:12:53,,6.72,24,0.005,1.7,100,40.34308983333334,-74.65476244444444,76.25,82.2,76.25,0.0,0.0,-117.4,-6.3,-2.4,2026-09-17 21:12:53,529321.39,4465895.15,EPSG:32618,5.0,14.46,60.4,2.89
DJI_0518.JPG,4088823,4000,2250,FC3682,DJI Mini 3,2026-09-17 17:12:58,,6.72,24,0.005,1.7,100,40.34318919444445,-74.65452677777779,76.55,82.5,76.55,0.0,0.0,-117.3,-22.1,-2.5,2026-09-17 21:12:58,529341.36,4465906.26,EPSG:32618,5.0,22.85,60.9,4.57
DJI_0519.JPG,4148352,4000,2250,FC3682,DJI Mini 3,2026-09-17 17:13:03,,6.72,24,0.005,1.7,100,40.34330038888889,-74.65426488888889,76.45,82.4,76.45,0.0,0.0,-117.2,-22.3,-2.6,2026-09-17 21:13:03,529363.55,4465918.69,EPSG:32618,5.0,25.43,60.7,5.09
DJI_0520.JPG,4051908,4000,2250,FC3682,DJI Mini 3,2026-09-17 17:13:08,,6.72,24,0.005,1.7,100,40.34341783333333,-74.65398441666667,76.65,82.6,76.65,0.0,0.0,-117.7,-3.5,-2.2,2026-09-17 21:13:08,529387.32,4465931.82,EPSG:32618,5.0,27.16,61.1,5.43
DJI_0521.JPG,4184226,4000,2250,FC3682,DJI Mini 3,2026-09-17 17:13:13,,6.72,24,0.00625,1.7,100,40.34353827777778,-74.65370480555556,76.45,82.4,76.45,0.0,0.0,-117.4,-23.0,-1.4,2026-09-17 21:13:13,529411.02,4465945.28,EPSG:32618,5.0,27.26,60.4,5.45
DJI_0522.JPG,4095125,4000,2250,FC3682,DJI Mini 3,2026-09-17 17:13:18,,6.72,24,0.00625,1.7,100,40.34364869444445,-74.65343625,76.75,82.7,76.75,0.0,0.0,-117.3,-22.1,-0.9,2026-09-17 21:13:18,529433.78,4465957.63,EPSG:32618,5.0,25.89,61.5,5.18
DJI_0523.JPG,4059922,4000,2250,FC3682,DJI Mini 3,2026-09-17 17:13:23,,6.72,24,0.00625,1.7,100,40.34373741666667,-74.65322636111112,76.55,82.5,76.55,0.0,0.0,-117.3,-22.6,-0.5,2026-09-17 21:13:23,529451.57,4465967.54,EPSG:32618,5.0,20.36,60.9,4.07
DJI_0524.JPG,4104902,4000,2250,FC3682,DJI Mini 3,2026-09-17 17:13:28,,6.72,24,0.005,1.7,100,40.34375566666667,-74.65318413888889,76.35,82.3,76.35,0.0,0.0,-117.4,-4.9,-2.9,2026-09-17 21:13:28,529455.14,4465969.58,EPSG:32618,5.0,4.11,60.3,0.82
DJI_0525.JPG,4388507,4000,2250,FC3682,DJI Mini 3,2026-09-17 17:13:33,,6.72,24,0.005,1.7,100,40.343657750000006,-74.65308391666667,76.25,82.2,76.25,0.0,0.0,-116.9,-3.8,-15.1,2026-09-17 21:13:33,529463.7,4465958.75,EPSG:32618,5.0,13.8,141.7,2.76
DJI_0526.JPG,4204301,4000,2250,FC3682,DJI Mini 3,2026-09-17 17:13:38,,6.72,24,0.004166666666666667,1.7,100,40.343543583333336,-74.65297047222222,76.35,82.3,76.35,0.0,0.0,-117.4,-5.2,-3.0,2026-09-17 21:13:38,529473.38,4465946.11,EPSG:32618,5.0,15.92,142.6,3.18
DJI_0527.JPG,4427838,4000,2250,FC3682,DJI Mini 3,2026-09-17 17:13:43,,6.72,24,0.004166666666666667,1.7,100,40.34347644444445,-74.65314836111112,76.05,82.0,76.05,0.0,0.0,-117.5,-0.5,-1.9,2026-09-17 21:13:43,529458.3,4465938.6,EPSG:32618,5.0,16.85,243.5,3.37
DJI_0528.JPG,4093851,4000,2250,FC3682,DJI Mini 3,2026-09-17 17:13:48,,6.72,24,0.005,1.7,100,40.34342658333333,-74.65329052777778,76.45,82.4,76.45,0.0,0.0,-117.1,-6.8,-5.3,2026-09-17 21:13:48,529446.25,4465933.02,EPSG:32618,5.0,13.28,245.2,2.66
DJI_0529.JPG,4105096,4000,2250,FC3682,DJI Mini 3,2026-09-17 17:13:53,,6.72,24,0.00625,1.7,100,40.343353972222225,-74.65348897222223,76.35,82.3,76.35,0.0,0.0,-118.5,15.0,-5.3,2026-09-17 21:13:53,529429.43,4465924.89,EPSG:32618,5.0,18.68,244.2,3.74
DJI_0530.JPG,4102803,4000,2250,FC3682,DJI Mini 3,2026-09-17 17:13:58,,6.72,24,0.00625,1.7,100,40.34335466666667,-74.65348927777778,77.45,83.4,77.45,0.0,0.0,-107.6,-6.1,-3.2,2026-09-17 21:13:58,529429.4,4465924.97,EPSG:32618,5.0,0.09,339.4,0.02
DJI_0531.JPG,4027487,4000,2250,FC3682,DJI Mini 3,2026-09-17 17:14:03,,6.72,24,0.00625,1.7,100,40.343296333333335,-74.65375125,76.85,82.8,76.85,0.0,0.0,-107.3,9.6,-4.2,2026-09-17 21:14:03,529407.18,4465918.41,EPSG:32618,5.0,23.17,253.6,4.63
DJI_0532.JPG,4110414,4000,2250,FC3682,DJI Mini 3,2026-09-17 17:14:08,,6.72,24,0.005,1.7,100,40.34324902777778,-74.65397813888889,76.85,82.8,76.85,0.0,0.0,-108.1,25.8,-0.9,2026-09-17 21:14:08,529387.93,4465913.08,EPSG:32618,5.0,19.97,254.5,3.99
DJI_0533.JPG,4117368,4000,2250,FC3682,DJI Mini 3,2026-09-17 17:14:13,,6.72,24,0.005,1.7,100,40.34320755555556,-74.65419494444446,77.05,83.0,77.05,0.0,0.0,-108.4,6.4,-5.9,2026-09-17 21:14:13,529369.53,4465908.41,EPSG:32618,5.0,18.98,255.8,3.8
DJI_0534.JPG,4014607,4000,2250,FC3682,DJI Mini 3,2026-09-17 17:14:18,,6.72,24,0.004166666666666667,1.7,100,40.343169111111116,-74.65441502777779,76.95,82.9,76.95,0.0,0.0,-109.5,17.7,-9.9,2026-09-17 21:14:18,529350.86,4465904.07,EPSG:32618,5.0,19.17,256.9,3.83
DJI_0535.JPG,3948779,4000,2250,FC3682,DJI Mini 3,2026-09-17 17:14:23,,6.72,24,0.005,1.7,100,40.343122111111114,-74.65465511111111,76.55,82.5,76.55,0.0,0.0,-108.3,25.4,-2.0,2026-09-17 21:14:23,529330.49,4465898.77,EPSG:32618,5.0,21.05,255.4,4.21
DJI_0536.JPG,3971887,4000,2250,FC3682,DJI Mini 3,2026-09-17 17:14:28,,6.72,24,0.005,1.7,100,40.34309483333334,-74.65481733333334,76.95,82.9,76.95,0.0,0.0,-107.6,-3.6,-4.1,2026-09-17 21:14:28,529316.72,4465895.69,EPSG:32618,5.0,14.11,257.4,2.82
DJI_0537.JPG,4390728,4000,2250,FC3682,DJI Mini 3,2026-09-17 17:14:33,,6.72,24,0.005,1.7,100,40.343048083333336,-74.65503958333333,76.85,82.8,76.85,0.0,0.0,-106.7,-1.8,-7.5,2026-09-17 21:14:33,529297.87,4465890.43,EPSG:32618,5.0,19.57,254.4,3.91
DJI_0538.JPG,4408519,4000,2250,FC3682,DJI Mini 3,2026-09-17 17:14:38,,6.72,24,0.005,1.7,100,40.34300780555556,-74.65525205555556,76.85,82.8,76.85,0.0,0.0,-106.7,5.1,-6.5,2026-09-17 21:14:38,529279.84,4465885.89,EPSG:32618,5.0,18.59,255.9,3.72
DJI_0539.JPG,4047319,4000,2250,FC3682,DJI Mini 3,2026-09-17 17:14:43,,6.72,24,0.005,1.7,100,40.34296441666667,-74.65546222222223,76.75,82.7,76.75,0.0,0.0,-107.6,20.3,-0.4,2026-09-17 21:14:43,529262.01,4465881.0,EPSG:32618,5.0,18.49,254.7,3.7
DJI_0540.JPG,4115457,4000,2250,FC3682,DJI Mini 3,2026-09-17 17:14:48,,6.72,24,0.005,1.7,100,40.342911111111114,-74.65571833333334,76.35,82.3,76.35,0.0,0.0,-108.0,24.6,-1.1,2026-09-17 21:14:48,529240.28,4465875.0,EPSG:32618,5.0,22.54,254.6,4.51
DJI_0541.JPG,4149889,4000,2250,FC3682,DJI Mini 3,2026-09-17 17:14:53,,6.72,24,0.005,1.7,100,40.342913361111115,-74.65574119444445,77.45,83.4,77.45,0.0,0.0,-107.7,-8.0,-2.4,2026-09-17 21:14:53,529238.34,4465875.24,EPSG:32618,5.0,1.95,277.1,0.39
DJI_0542.JPG,4232103,4000,2250,FC3682,DJI Mini 3,2026-09-17 17:14:58,,6.72,24,0.00625,1.7,100,40.34291852777778,-74.65574152777778,78.25,84.2,78.25,0.0,0.0,9.9,-15.5,-2.9,2026-09-17 21:14:58,529238.3,4465875.81,EPSG:32618,5.0,0.57,356.0,0.11
DJI_0543.JPG,4224244,4000,2250,FC3682,DJI Mini 3,2026-09-17 17:15:03,,6.72,24,0.00625,1.7,100,40.34303666666667,-74.65570894444446,78.05,84.0,78.05,0.0,0.0,9.0,9.4,-4.4,2026-09-17 21:15:03,529241.02,4465888.94,EPSG:32618,5.0,13.41,11.7,2.68
DJI_0544.JPG,4065215,4000,2250,FC3682,DJI Mini 3,2026-09-17 17:15:08,,6.72,24,0.005,1.7,100,40.34316855555556,-74.65567250000001,77.75,83.7,77.75,0.0,0.0,9.0,10.3,-4.3,2026-09-17 21:15:08,529244.06,4465903.59,EPSG:32618,5.0,14.96,11.7,2.99
DJI_0545.JPG,4012013,4000,2250,FC3682,DJI Mini 3,2026-09-17 17:15:13,,6.72,24,0.005,1.7,100,40.34319911111111,-74.65563966666667,77.25,83.2,77.25,0.0,0.0,39.3,-10.5,0.1,2026-09-17 21:15:13,529246.83,4465906.99,EPSG:32618,5.0,4.39,39.2,0.88
DJI_0546.JPG,4019934,4000,2250,FC3682,DJI Mini 3,2026-09-17 17:15:18,,6.72,24,0.005,1.7,100,40.34324113888889,-74.65559577777779,77.25,83.2,77.25,0.0,0.0,26.9,8.7,1.7,2026-09-17 21:15:18,529250.54,4465911.67,EPSG:32618,5.0,5.97,38.4,1.19
DJI_0547.JPG,4179638,4000,2250,FC3682,DJI Mini 3,2026-09-17 17:15:23,,6.72,24,0.005,1.7,100,40.34341219444445,-74.65548575000001,77.05,83.0,77.05,0.0,0.0,27.0,24.0,1.3,2026-09-17 21:15:23,529259.82,4465930.7,EPSG:32618,5.0,21.17,26.0,4.23
DJI_0548.JPG,4227706,4000,2250,FC3682,DJI Mini 3,2026-09-17 17:15:28,,6.72,24,0.005,1.7,100,40.343562000000006,-74.65538502777778,77.15,83.1,77.15,0.0,0.0,26.7,15.2,-0.8,2026-09-17 21:15:28,529268.3,4465947.36,EPSG:32618,5.0,18.69,27.0,3.74
DJI_0549.JPG,4221674,4000,2250,FC3682,DJI Mini 3,2026-09-17 17:15:33,,6.72,24,0.00625,1.7,100,40.343634055555555,-74.65523733333333,76.95,82.9,76.95,0.0,0.0,61.5,22.2,1.7,2026-09-17 21:15:33,529280.82,4465955.4,EPSG:32618,5.0,14.88,57.3,2.98
DJI_0550.JPG,3947240,4000,2250,FC3682,DJI Mini 3,2026-09-17 17:15:38,,6.72,24,0.00625,1.7,100,40.343740833333335,-74.65500769444445,76.95,82.9,76.95,0.0,0.0,61.5,22.2,2.6,2026-09-17 21:15:38,529300.27,4465967.33,EPSG:32618,5.0,22.82,58.5,4.56
DJI_0551.JPG,3972318,4000,2250,FC3682,DJI Mini 3,2026-09-17 17:15:43,,6.72,24,0.00625,1.7,100,40.34383447222223,-74.65481286111111,76.95,82.9,76.95,0.0,0.0,61.9,21.2,4.9,2026-09-17 21:15:43,529316.78,4465977.79,EPSG:32618,5.0,19.54,57.6,3.91
DJI_0552.JPG,4181815,4000,2250,FC3682,DJI Mini 3,2026-09-17 17:15:48,,6.72,24,0.005,1.7,100,40.34394377777778,-74.65457677777778,76.95,82.9,76.95,0.0,0.0,61.3,24.3,0.0,2026-09-17 21:15:48,529336.78,4465990.0,EPSG:32618,5.0,23.43,58.6,4.69
DJI_0553.JPG,3912000,4000,2250,FC3682,DJI Mini 3,2026-09-17 17:15:53,,6.72,24,0.005,1.7,100,40.34403666666667,-74.6543971388889,77.15,83.1,77.15,0.0,0.0,62.6,20.4,8.5,2026-09-17 21:15:53,529352.0,4466000.37,EPSG:32618,5.0,18.42,55.7,3.68
DJI_0554.JPG,4141036,4000,2250,FC3682,DJI Mini 3,2026-09-17 17:15:58,,6.72,24,0.005,1.7,100,40.34413613888889,-74.6541845,76.85,82.8,76.85,0.0,0.0,61.7,21.6,3.2,2026-09-17 21:15:58,529370.02,4466011.48,EPSG:32618,5.0,21.17,58.3,4.23
DJI_0555.JPG,4071265,4000,2250,FC3682,DJI Mini 3,2026-09-17 17:16:03,,6.72,24,0.00625,1.7,100,40.34416083333333,-74.65405244444445,76.55,82.5,76.55,0.0,0.0,80.9,-13.0,3.8,2026-09-17 21:16:03,529381.22,4466014.27,EPSG:32618,5.0,11.54,76.0,2.31
DJI_0556.JPG,4067852,4000,2250,FC3682,DJI Mini 3,2026-09-17 17:16:08,,6.72,24,0.005,1.7,100,40.34419347222222,-74.65384044444446,76.95,82.9,76.95,0.0,0.0,81.5,8.2,4.8,2026-09-17 21:16:08,529399.21,4466017.96,EPSG:32618,5.0,18.36,78.4,3.67
DJI_0557.JPG,3965720,4000,2250,FC3682,DJI Mini 3,2026-09-17 17:16:13,,6.72,24,0.005,1.7,100,40.34418461111111,-74.65368522222222,76.75,82.7,76.75,0.0,0.0,95.7,25.2,0.6,2026-09-17 21:16:13,529412.4,4466017.03,EPSG:32618,5.0,13.22,94.0,2.64
DJI_0558.JPG,4427295,4000,2250,FC3682,DJI Mini 3,2026-09-17 17:16:18,,6.72,24,0.005,1.7,100,40.34417602777778,-74.65344275000001,76.65,82.6,76.65,0.0,0.0,96.0,20.6,1.3,2026-09-17 21:16:18,529433.0,4466016.16,EPSG:32618,5.0,20.62,92.4,4.12
DJI_0559.JPG,4448032,4000,2250,FC3682,DJI Mini 3,2026-09-17 17:16:23,,6.72,24,0.005,1.7,100,40.344155444444446,-74.65340536111111,76.35,82.3,76.35,0.0,0.0,150.5,-19.1,6.1,2026-09-17 21:16:23,529436.18,4466013.88,EPSG:32618,5.0,3.91,125.6,0.78
DJI_0560.JPG,4020328,4000,2250,FC3682,DJI Mini 3,2026-09-17 17:16:28,,6.72,24,0.005,1.7,100,40.34402738888889,-74.65330113888889,76.85,82.8,76.85,0.0,0.0,151.6,0.0,9.3,2026-09-17 21:16:28,529445.09,4465999.7,EPSG:32618,5.0,16.75,147.9,3.35
DJI_0561.JPG,3975280,4000,2250,FC3682,DJI Mini 3,2026-09-17 17:16:33,,6.72,24,0.005,1.7,100,40.344028,-74.65330116666667,76.15,82.1,76.15,0.0,0.0,-106.3,-6.7,-2.9,2026-09-17 21:16:33,529445.09,4465999.77,EPSG:32618,5.0,0.07,0.0,0.01
DJI_0562.JPG,3999545,4000,2250,FC3682,DJI Mini 3,2026-09-17 17:16:38,,6.72,24,0.00625,1.7,100,40.34397627777778,-74.65341994444445,75.65,81.6,75.65,0.0,0.0,-120.4,-24.7,-1.8,2026-09-17 21:16:38,529435.02,4465993.99,EPSG:32618,5.0,11.61,240.1,2.32
DJI_0563.JPG,4083139,4000,2250,FC3682,DJI Mini 3,2026-09-17 17:16:43,,6.72,24,0.00625,1.7,100,40.343928194444445,-74.65353652777779,76.15,82.1,76.15,0.0,0.0,-120.7,-24.7,-1.0,2026-09-17 21:16:43,529425.14,4465988.62,EPSG:32618,5.0,11.25,241.5,2.25
DJI_0564.JPG,4071925,4000,2250,FC3682,DJI Mini 3,2026-09-17 17:16:48,,6.72,24,0.00625,1.7,100,40.343841222222224,-74.65373236111111,76.15,82.1,76.15,0.0,0.0,-120.5,18.1,0.9,2026-09-17 21:16:48,529408.55,4465978.9,EPSG:32618,5.0,19.23,239.6,3.85
DJI_0565.JPG,4119784,4000,2250,FC3682,DJI Mini 3,2026-09-17 17:16:53,,6.72,24,0.00625,1.7,100,40.34373980555556,-74.65396258333334,75.85,81.8,75.85,0.0,0.0,-121.0,25.2,-1.2,2026-09-17 21:16:53,529389.04,4465967.56,EPSG:32618,5.0,22.57,239.8,4.51
DJI_0566.JPG,4140971,4000,2250,FC3682,DJI Mini 3,2026-09-17 17:16:58,,6.72,24,0.00625,1.7,100,40.343648916666666,-74.65417322222223,75.85,81.8,75.85,0.0,0.0,-121.9,18.2,-5.9,2026-09-17 21:16:58,529371.19,4465957.41,EPSG:32618,5.0,20.53,240.4,4.11
DJI_0567.JPG,4118418,4000,2250,FC3682,DJI Mini 3,2026-09-17 17:17:03,,6.72,24,0.00625,1.7,100,40.34358505555556,-74.65434880555556,75.65,81.6,75.65,0.0,0.0,-120.9,24.7,-0.8,2026-09-17 21:17:03,529356.3,4465950.26,EPSG:32618,5.0,16.52,244.4,3.3
DJI_0568.JPG,4136027,4000,2250,FC3682,DJI Mini 3,2026-09-17 17:17:08,,6.72,24,0.00625,1.7,100,40.343519972222225,-74.65451297222222,76.15,82.1,76.15,0.0,0.0,-121.3,10.1,-3.4,2026-09-17 21:17:08,529342.39,4465942.98,EPSG:32618,5.0,15.7,242.4,3.14
DJI_0569.JPG,4075655,4000,2250,FC3682,DJI Mini 3,2026-09-17 17:17:13,,6.72,24,0.00625,1.7,100,40.34346519444445,-74.65466402777778,76.25,82.2,76.25,0.0,0.0,-120.8,-3.0,-2.0,2026-09-17 21:17:13,529329.58,4465936.85,EPSG:32618,5.0,14.2,244.4,2.84
DJI_0570.JPG,4082718,4000,2250,FC3682,DJI Mini 3,2026-09-17 17:17:18,,6.72,24,0.00625,1.7,100,40.34346727777778,-74.65466361111112,76.95,82.9,76.95,0.0,0.0,-120.3,-8.2,-7.4,2026-09-17 21:17:18,529329.62,4465937.08,EPSG:32618,5.0,0.23,9.9,0.05
